#{"t_start": 1662268370.512798, "env_id": "highway-fast-v0"}
r,l,t
68.571221,71,3.324643
90.080909,93,6.138803
66.260176,68,9.067141
34.528932,36,10.410995
69.109883,71,12.833061
112.796787,116,16.812946
102.081749,105,20.376743
70.511629,73,23.15821
25.610802,27,24.158287
91.17197,94,27.429061
92.185387,95,30.775817
96.254144,99,34.567438
71.805415,74,37.056384
25.603362,27,38.061658
27.766326,29,39.17112
54.201557,56,41.244389
42.45059,44,42.728331
22.78176,24,43.587998
107.865143,111,47.400917
42.220598,44,48.979165
31.545771,33,50.151131
112.81101,116,54.104564
75.46433,78,56.72977
98.94637,102,60.245668
81.344368,84,63.136519
54.144755,56,65.058543
42.090646,44,66.636792
43.299658,45,68.199414
149.868078,154,73.387318
146.416808,150,78.559597
148.297111,152,83.684998
157.048439,161,89.201052
154.643237,158,94.62335
53.881624,56,96.623505
56.851892,59,98.639287
108.000131,111,102.479976
117.79957,121,106.744828
68.870291,71,109.198146
147.667143,151,114.432929
38.547779,40,115.823662
92.260152,95,119.05829
32.435157,34,120.261509
118.939627,122,124.520997
191.205768,196,131.115261
118.671479,122,135.271835
16.692734,18,135.881257
97.588436,100,139.319026
169.031485,173,145.319495
80.487085,83,148.225971
170.630198,174,154.148307
43.331215,45,155.695303
20.579976,22,156.445362
50.071573,52,158.242377
229.399427,235,166.16487
19.678257,21,166.868051
55.694041,58,168.85258
74.543587,77,171.665298
130.371285,134,176.243782
83.501819,86,179.18151
85.780465,88,182.19737
100.459008,103,185.666391
195.952218,201,192.5252
99.997864,103,195.931715
113.159872,116,199.963279
161.188022,165,205.54184
17.716039,19,206.151263
98.91091,102,209.620285
60.066472,62,211.729823
26.557003,28,212.745526
138.684555,142,217.542776
36.528718,38,218.964763
45.944824,48,220.589889
42.187506,44,222.168137
77.552882,80,224.855847
34.42691,36,226.12157
254.797812,260,235.01289
115.827433,119,239.169462
48.181721,50,240.888348
29.437535,31,241.982183
29.480852,31,243.013513
124.782441,128,247.40448
26.563472,28,248.357679
84.390754,87,251.357913
75.457237,78,254.076876
30.401186,32,255.201964
28.442259,30,256.24892
25.53878,27,257.217746
31.677702,33,258.327208
18.648885,20,259.061639
187.116872,191,265.484016
43.984794,46,267.093516
250.949498,257,275.766558
56.072571,58,277.735462
49.228584,51,279.469973
80.46375,83,282.313945
26.639114,28,283.345275
122.912249,126,287.704989
84.388802,87,290.673972
46.968987,49,292.455361
100.166051,103,296.002512
50.190827,52,297.799526
36.278574,38,299.11213
50.012149,52,300.877954
55.872085,58,303.034373
99.020775,102,306.72216
95.237749,98,310.19118
113.840942,117,314.36338
83.483227,86,317.222978
71.545584,74,319.707547
294.740017,302,329.895842
110.911647,114,333.78677
64.585382,67,336.052572
41.433358,43,337.55269
25.657935,27,338.552768
22.591719,24,339.427835
270.632074,277,348.772316
106.385536,109,352.538233
250.866503,257,361.35142
24.536598,26,362.257742
228.027406,233,370.164607
62.202929,64,372.336652
60.708519,63,374.508697
81.361794,84,377.321416
63.883477,66,379.634096
109.97444,113,383.431267
165.568479,170,389.103585
35.432639,37,390.353682
132.06847,136,395.057179
85.289187,88,398.104287
111.74244,115,401.979589
154.280397,158,407.32327
489.03451,500,424.168333
74.537353,77,426.76317
140.170049,144,431.560421
44.569205,46,433.169921
43.391529,45,434.810673
454.940868,466,450.483771
184.282154,189,456.953026
133.014554,137,461.609639
74.554312,77,464.234843
72.485784,75,466.906927
37.405704,39,468.235156
65.826819,68,470.579088
151.220621,155,475.985761
52.898409,55,477.782776
343.740765,351,489.721207
177.666119,181,495.98732
488.809534,500,512.957394
32.399958,34,514.144986
144.686624,149,519.270386
461.760085,472,535.084119
55.198315,57,537.115528
34.34023,36,538.412504
197.803989,203,545.475555
291.550858,298,556.148263
247.186832,253,564.867693
471.945062,482,581.290849
88.566894,91,584.416093
23.615906,25,585.275534
56.9258,59,587.291316
348.841174,357,599.448515
62.1214,64,601.620561
86.243384,89,604.745804
120.412656,124,608.964882
25.547393,27,609.871203
93.482197,96,613.262093
168.967902,173,619.153177
61.837378,64,621.465856
55.004848,57,623.452134
21.640926,23,624.233444
49.393525,51,625.952329
43.208199,45,627.514951
175.78527,180,633.765663
84.428936,87,636.67214
39.252699,41,638.047248
151.115621,155,643.469544
29.38762,31,644.579006
141.034379,144,649.485639
131.35085,135,654.220383
36.486155,38,655.470481
85.255856,88,658.470715
385.093434,394,671.971767
49.917388,52,673.815661
64.739498,67,676.081464
275.741697,282,685.707215
65.690738,68,688.16053
122.650972,126,692.535872
242.872069,249,700.895899
63.000605,65,703.130448
298.224527,305,713.723953
91.735665,94,717.005459
125.428904,129,721.427679
37.210262,39,722.740282
186.249272,191,729.428303
44.150086,46,730.990925
56.057524,58,732.959828
76.373979,79,735.897557
193.398081,197,742.601206
71.092276,73,745.257662
39.434727,41,746.617143
196.78323,202,753.61769
32.383593,34,754.899039
73.458458,76,757.461742
80.048812,82,760.258832
54.946783,57,762.243362
43.083531,45,763.868489
174.881935,179,769.822078
170.674078,175,775.916304
83.429231,86,778.838408
28.35048,30,779.854111
106.091495,109,783.557709
21.558342,23,784.370273
70.694538,73,786.886094
73.525449,76,789.355036
43.265422,45,791.042668
238.708562,244,799.371443
40.172537,42,800.855935
79.960375,82,803.699905
117.747617,121,807.783406
76.009818,78,810.455489
46.135833,48,812.127496
92.139051,95,815.362122
124.110212,128,819.799968
168.354591,172,825.612922
234.924343,241,833.926113
35.388993,37,835.17621
93.054133,96,838.504595
153.791194,158,843.864387
265.187477,271,853.099483
70.945162,73,855.5528
210.011357,215,862.81899
61.893678,64,864.959783
257.306881,263,873.913605
48.103712,50,875.633995
121.751764,125,879.978084
159.701002,164,885.431634
95.18776,98,888.791271
148.227634,152,893.947923
36.490051,38,895.291779
71.812851,74,897.838851
378.196896,386,911.043007
357.57972,364,923.669186
128.951513,132,928.216416
36.571748,38,929.575897
135.530582,139,934.373342
83.777766,86,937.326697
51.000737,53,939.076834
99.1447,102,942.545855
86.481794,89,945.655473
139.075893,143,950.546478
491.850699,500,967.422795
36.301356,38,968.735398
271.137126,277,978.126754
262.079349,268,987.143085
110.703102,114,991.018385
167.459119,171,996.846965
268.521884,274,1006.003929
63.809656,66,1008.254104
55.325845,57,1010.238634
70.672022,73,1012.645072
45.193986,47,1014.254573
54.448634,56,1016.160971
277.800523,283,1025.755469
47.112819,49,1027.4431
124.95658,128,1031.755937
76.69902,79,1034.490526
446.60117,455,1050.101723
159.24991,163,1055.649032
64.631061,67,1058.00859
33.234236,35,1059.243061
103.106686,106,1062.76935
153.376382,157,1068.176024
208.873629,213,1075.614102
86.813531,89,1078.676841
63.92554,66,1080.911391
105.939268,109,1084.646057
47.325795,49,1086.364941
68.51883,71,1088.708874
64.991999,67,1090.91217
247.056808,253,1099.631601
56.17034,58,1101.569252
42.118828,44,1103.084995
59.81519,62,1105.241414
128.798187,132,1109.773016
61.22821,63,1112.054444
80.521275,83,1114.960922
177.330054,181,1120.977016
145.398946,149,1126.024284
29.55947,31,1127.039988
86.245855,89,1130.133979
60.173075,62,1132.337276
122.676118,126,1136.681365
136.64036,140,1141.556745
99.046303,102,1144.916383
36.441624,38,1146.228985
103.424855,106,1149.838642
40.24737,42,1151.276253
154.142811,158,1156.573541
50.27202,52,1158.433061
81.61537,84,1161.32934
417.606893,428,1175.674209
127.872267,131,1180.221438
210.177499,215,1187.393872
90.556389,93,1190.550369
98.627484,101,1193.925633
213.996619,219,1201.348087
82.456753,85,1204.207684
295.959773,303,1214.520988
231.091227,236,1222.443482
210.798759,215,1229.709673
163.648791,167,1235.397617
180.598399,185,1241.679357
55.9645,58,1243.617008
67.697001,70,1245.976567
55.010852,57,1247.898593
165.363829,169,1253.539657
491.971498,500,1270.603487
142.897785,146,1275.635131
54.400279,56,1277.525903
109.659205,113,1281.494962
17.643995,19,1282.182516
38.269174,40,1283.604501
193.143191,198,1290.245644
62.888042,65,1292.480195
136.086714,139,1297.277443
80.620581,83,1300.152668
67.572246,70,1302.652863
185.734842,190,1309.106492
161.620612,166,1314.856941
203.329175,208,1321.998121
77.37767,80,1324.654579
205.463668,209,1331.842107
305.875002,312,1342.467935
68.160643,70,1344.874373
63.606121,66,1347.124549
67.016354,69,1349.593491
161.219079,165,1355.218929
49.997355,52,1357.109701
211.628898,217,1364.407147
96.960448,100,1367.860541
39.275191,41,1369.251274
121.226881,124,1373.392222
104.953379,108,1377.220645
398.318876,407,1390.987346
143.389614,147,1396.190876
85.604538,88,1399.175483
248.800922,254,1407.738651
202.536522,208,1414.84858
76.493231,79,1417.505037
197.157984,202,1424.411827
55.210938,57,1426.349478
43.11235,45,1427.818342
490.224575,500,1444.975931
51.134451,53,1446.788572
95.298926,98,1450.10133
69.766748,72,1452.585899
206.681938,212,1459.838833
47.033157,49,1461.510839
67.791285,70,1463.839145
342.109136,348,1475.54713
351.758827,359,1487.61057
55.941847,58,1489.626353
95.888126,99,1493.032868
89.464456,92,1496.189364
440.217315,451,1511.607805
133.456806,137,1516.155035
144.232708,148,1521.09292
265.964432,271,1530.124874
273.832906,280,1539.516232
194.966892,200,1546.188627
156.796144,160,1551.54842
45.20848,47,1553.142294
78.508316,81,1555.861256
59.025934,61,1557.845786
76.508108,79,1560.439738
61.089275,63,1562.502399
73.731271,76,1565.080726
62.070044,64,1567.205891
133.112305,137,1571.831252
76.627488,79,1574.503335
179.251838,184,1580.470023
167.919122,172,1586.220473
127.715844,131,1590.455176
491.041204,500,1606.846555
410.371828,419,1620.675759
87.813185,90,1623.598887
55.921489,58,1625.474034
313.749289,320,1636.02231
111.766616,115,1639.850732
172.765756,177,1645.741817
491.527853,500,1662.35338
36.161698,38,1663.63473
239.930145,245,1671.744737
90.213851,93,1674.901233
250.421477,255,1683.167502
369.073948,374,1695.605973
229.109358,234,1703.325875
45.13566,47,1704.888496
157.436673,161,1710.263916
170.621389,175,1716.014365
218.307592,223,1723.358687
408.204794,416,1737.000376
68.480162,71,1739.359936
47.866708,50,1741.063193
91.664193,94,1744.17281
68.599631,71,1746.502017
64.848146,67,1748.736566
58.044032,60,1750.705469
143.230311,147,1755.674608
55.800258,58,1757.612258
488.80492,500,1774.129171
366.14569,373,1786.442632
131.270881,135,1790.927357
165.694826,170,1796.615301
38.225446,40,1797.943529
180.978086,185,1803.959623
51.911611,54,1805.787891
285.735837,291,1815.429268
126.62376,130,1819.804609
24.709923,26,1820.679677
125.471549,129,1825.023767
47.719603,50,1826.727024
492.663096,500,1843.087675
61.829231,64,1845.228466
99.373374,102,1848.681861
134.559449,138,1853.182212
96.025975,99,1856.526222
50.10136,52,1858.245107
146.892016,151,1863.22987
412.010633,421,1877.105953
252.065155,257,1885.60671
404.068008,413,1899.342156
251.504011,257,1907.889699
194.974785,199,1914.733981
78.543768,81,1917.34356
239.384721,244,1925.422315
371.90435,379,1937.92329
84.620057,87,1940.954882
59.893629,62,1943.040797
164.045148,167,1948.431842
39.434839,41,1949.869454
488.902987,500,1966.37074
168.272229,172,1972.058685
148.136583,152,1977.090328
299.445632,305,1987.12236
38.154735,40,1988.481841
488.779967,500,2004.983128
489.771831,500,2021.500041
450.156285,459,2036.782483
172.995775,177,2042.736072
490.790427,500,2059.268611
308.197648,315,2069.706926
489.409997,500,2086.161334
114.860243,118,2090.083515
489.120037,500,2106.537925
379.466726,387,2119.539854
229.281536,234,2127.181075
490.251366,500,2143.807372
491.07706,500,2160.574306
201.476853,206,2167.684234
490.210198,500,2184.373035
490.582424,500,2200.984005
132.766689,136,2205.578113
59.966886,62,2207.672027
65.527693,68,2210.031586
132.165711,136,2214.578815
104.809823,108,2218.07909
67.704551,70,2220.329264
59.749915,62,2222.470055
319.386494,326,2233.174015
492.017192,500,2249.659677
89.24659,92,2252.753668
212.031366,216,2259.988607
30.397549,32,2261.098068
53.35899,55,2262.941962
22.629369,24,2263.754525
56.907745,59,2265.770308
90.117244,93,2268.973684
48.189258,50,2270.676941
168.231701,172,2276.443015
249.7176,256,2285.037436
416.666679,424,2299.132285
28.519041,30,2300.163615
125.892275,129,2304.460825
488.874555,500,2321.165253
118.986018,122,2325.181192
491.270052,500,2341.807489
145.336961,149,2346.88973
27.581745,29,2347.875273
60.777052,63,2350.00044
490.12293,500,2366.532979
269.098612,276,2375.90871
137.423038,141,2380.721585
490.296788,500,2397.285377
64.566333,67,2399.598058
92.194816,95,2402.863937
77.496859,80,2405.489143
489.159978,500,2422.099813
31.445946,33,2423.209275
126.725099,130,2427.600241
112.163394,115,2431.506796
286.784194,293,2441.11692
145.115914,149,2445.961048
32.371675,34,2447.19552
63.038432,65,2449.367564
97.219766,100,2452.711575
83.379846,86,2455.649305
27.425552,29,2456.696261
79.377988,82,2459.540233
73.652422,76,2462.102933
66.918553,69,2464.38436
108.868497,112,2468.181531
110.823818,114,2471.994329
180.613534,185,2478.260442
493.5347,500,2494.791193
125.601803,129,2499.088402
278.192661,285,2508.526638
244.908405,251,2516.94917
227.194909,233,2524.777906
489.585454,500,2541.529212
87.147312,90,2544.545074
170.469084,175,2550.404905
47.031334,49,2552.123789
213.91323,219,2559.436859
36.25634,38,2560.780716
299.800749,306,2571.031513
283.782856,290,2580.813526
103.418357,106,2584.39193
89.366177,92,2587.407792
92.286313,95,2590.720549
96.222752,99,2593.986429
170.636143,175,2600.080654
184.158911,188,2606.445334
69.731908,72,2608.867398
26.448253,28,2609.836222
136.120608,140,2614.47721
249.984933,256,2623.087257
389.053257,398,2636.54143
262.00323,268,2645.464002
211.229447,216,2652.745819
89.948509,92,2655.980446
430.721002,439,2670.731598
70.464191,73,2673.32555
235.428036,241,2681.373052
92.537895,95,2684.592053
121.096276,124,2688.77988
489.508045,500,2705.437429
27.396424,29,2706.468759
89.49589,92,2709.500246
491.694441,500,2726.314057
322.329765,329,2737.596187
62.995065,65,2739.877616
185.386134,190,2746.237486
50.948161,53,2748.08138
34.332563,36,2749.331478
16.685458,18,2749.909648
308.192905,314,2760.488598
93.371142,96,2763.723225
488.496381,500,2780.583537
211.665984,216,2787.86586
253.970845,259,2796.694674
86.40655,89,2799.664181
428.861561,437,2814.321574
57.910679,60,2816.431114
488.694176,500,2832.97928
98.13005,101,2836.526431
54.775275,57,2838.401577
54.727642,57,2840.261097
106.902688,110,2844.042643
220.2052,226,2851.543228
47.161448,49,2853.199606
320.074116,328,2864.200466
489.650631,500,2880.514237
63.628361,66,2882.73316
489.708849,500,2899.406336
159.597916,164,2904.906765
153.141256,157,2910.391567
20.563591,22,2911.172879
489.780631,500,2928.002316
124.905022,128,2932.330779
48.151731,50,2934.018409
116.609331,120,2938.190611
149.890462,153,2943.269132
75.279658,78,2945.925589
198.293138,203,2952.691741
46.036071,48,2954.316868
30.390531,32,2955.473208
188.195514,192,2961.926837
283.661906,290,2971.630719
235.563174,242,2979.77198
146.698718,151,2984.913004
81.640832,84,2987.694472
155.051534,160,2993.163648
83.385658,86,2996.054499
158.507317,163,3001.476797
151.618734,155,3006.774085
488.963256,500,3023.525391
488.981781,500,3040.026678
488.205982,500,3056.574844
491.230399,500,3073.341776
225.306759,230,3081.082928
65.83119,68,3083.38052
37.297536,39,3084.724376
388.769734,397,3098.187104
488.946024,500,3114.798294
489.072104,500,3131.440216
378.932789,385,3144.222463
256.859779,263,3153.113781
45.943432,48,3154.817039
248.72186,255,3163.458338
61.914325,64,3165.661636
79.406727,82,3168.505607
388.459916,399,3181.694136
63.702992,66,3183.913059
490.753568,500,3200.648739
44.59803,46,3202.289491
57.819829,60,3204.258395
487.584852,500,3221.103459
63.752835,66,3223.29113
487.358798,500,3240.089315
487.812876,500,3256.856248
86.761229,89,3259.918987
62.753622,65,3262.044152
489.026456,500,3278.717329
205.198928,210,3285.874136
297.839673,305,3296.234319
489.819225,500,3313.188766
154.890212,159,3318.442446
66.929146,69,3320.895764
274.281676,281,3330.521514
120.474827,124,3334.787471
64.891005,67,3336.990768
208.84652,214,3344.319465
23.534839,25,3345.16328
59.883544,62,3347.19469
138.092742,142,3352.007564
397.118826,407,3365.618001
488.632828,500,3382.14944
116.958962,120,3386.087247
185.378491,190,3392.712763
66.535995,69,3395.04107
59.827555,62,3397.16642
53.008237,55,3399.010314
490.138022,500,3415.714742
124.279619,127,3419.949447
32.256268,34,3421.105787
291.947761,299,3431.153446
323.801219,332,3442.232434
176.869622,182,3448.357913
34.275167,36,3449.576757
223.236413,229,3457.264857
83.412657,86,3460.108829
83.267198,86,3463.015306
488.440449,500,3479.657229
33.365225,35,3480.844821
34.519348,36,3482.17305
489.056135,500,3498.799348
304.771865,309,3509.128278
261.68503,267,3518.050848
488.570151,500,3534.646862
430.659408,440,3549.319881
488.790666,500,3566.086814
273.055527,279,3575.40004
340.422413,348,3587.150957
482.182034,493,3603.761627
488.777429,500,3620.512933
142.725089,147,3625.513323
96.487991,99,3628.857335
330.605407,339,3640.295726
315.571231,322,3650.999686
488.55927,500,3667.564362
168.89319,173,3673.330437
205.187486,210,3680.377862
86.295316,89,3683.393722
488.877374,500,3699.973139
310.425764,317,3710.63022
73.540822,76,3713.177295
106.299042,109,3716.865081
37.314586,39,3718.224563
488.324698,500,3735.054114
117.233762,121,3739.179436
378.963829,389,3752.102319
490.338883,500,3768.759869
489.616236,500,3785.261155
31.34523,33,3786.401869
49.18576,51,3788.152005
341.49948,348,3799.902922
488.19143,500,3816.529219
489.080391,500,3833.280525
135.631602,139,3837.905886
261.542062,267,3846.594063
103.433794,106,3850.219346
51.242312,53,3852.06324
488.468505,500,3868.627087
214.970736,220,3875.877653
117.314974,120,3880.06548
208.587836,214,3887.269166
489.741527,500,3903.895463
257.53079,264,3912.583641
60.78678,63,3914.661928
122.654796,126,3918.881007
331.684026,340,3930.069862
73.646803,76,3932.601309
493.649388,500,3949.227606
233.695585,238,3957.134473
206.070488,210,3964.244402
490.892561,500,3980.82382
475.868975,486,3996.888062
238.095111,243,4005.091828
125.452838,128,4009.404664
236.55284,242,4017.389661
150.520655,154,4022.718201
220.947776,227,4030.187534
124.950989,128,4034.438316
190.89092,195,4041.001328
62.173274,64,4043.110868
29.624142,31,4044.204704
489.602406,500,4060.940383
204.641393,209,4067.909677
238.766301,243,4075.925926
200.35293,205,4082.801463
173.403897,178,4088.801932
136.753304,141,4093.521049
243.158161,249,4101.787318
488.072573,500,4118.491747
489.322356,500,4135.164922
57.886251,60,4137.180949
489.740355,500,4153.810362
72.937917,75,4156.341809
447.719759,456,4171.624251
223.681253,229,4179.281099
108.173827,111,4183.031391
42.095961,44,4184.515882
299.616565,305,4194.735429
119.787898,123,4198.938882
72.57739,75,4201.564087
489.622806,500,4218.268514
488.854196,500,4235.021995
168.150806,172,4240.803695
490.4506,500,4257.52375
491.877315,500,4274.400066
488.415072,500,4290.8701
309.213614,316,4301.418811
468.251506,478,4317.451311
187.890123,192,4323.873687
50.295463,52,4325.592572
390.165981,398,4338.859231
338.322216,345,4350.719531
489.481031,500,4367.25207
79.44633,82,4370.174174
30.449474,32,4371.252382
49.747397,52,4372.971266
262.423514,268,4381.909539
145.195554,149,4386.941182
151.30246,155,4392.004076
82.116241,85,4394.863675
120.282347,123,4399.067127
188.181667,193,4405.494611
99.647342,102,4408.948006
449.135021,456,4424.38671
70.53225,73,4426.996288
346.296992,353,4438.731578
356.332207,363,4450.982534
398.796452,406,4464.593583
331.855252,337,4476.031975
314.199605,319,4486.751561
493.370799,500,4503.440734
144.996305,148,4508.426033
489.960792,500,4525.099209
137.456217,140,4529.865205
490.507767,500,4546.616512
155.136401,158,4551.945053
491.752071,500,4568.868248
69.197718,71,4571.25906
30.506678,32,4572.352895
55.885794,58,4574.274919
376.563873,383,4587.104045
244.084752,248,4595.43282
284.590555,291,4605.105958
261.992895,269,4614.012903
19.697563,21,4614.80984
175.842849,180,4620.825935
170.091083,174,4626.607636
53.200841,55,4628.40465
286.150669,292,4638.296229
333.445634,340,4649.640864
171.121922,174,4655.61008
139.983211,144,4660.563591
369.897091,379,4673.25208
235.379003,240,4681.31521
60.988027,63,4683.456001
115.303236,118,4687.487566
98.359656,101,4691.128475
40.307196,42,4692.581713
279.697509,285,4702.082454
292.887414,299,4712.161364
371.681452,379,4724.974865
314.601217,321,4735.585067
180.357351,184,4741.679293
155.482309,159,4747.179722
469.366497,479,4763.071586
488.649497,500,4779.533732
96.390422,99,4782.877742
488.201843,500,4799.363403
78.392749,81,4802.113618
406.526567,416,4815.849951
109.077192,112,4819.61587
491.012181,500,4836.600104
241.127084,247,4844.960131
237.699167,243,4853.210774
44.257024,46,4854.757769
489.082052,500,4871.462197
280.115575,286,4880.994191
476.672473,488,4897.073571
419.386538,428,4911.24655
139.836517,144,4916.168809
114.779358,118,4920.12235
165.123305,169,4925.966556
331.921368,338,4937.295564
195.055633,200,4943.952333
488.920148,500,4960.422368
222.452066,228,4968.079215
490.671774,500,4984.705512
80.046325,82,4987.424474
491.757446,500,5004.175781
254.395281,260,5012.738949
118.135697,121,5016.754886
489.667157,500,5033.428062
268.63592,275,5042.678783
491.338284,500,5059.475627
258.863411,265,5068.273189
287.339541,294,5077.977071
109.746377,113,5081.742989
92.554194,95,5084.915111
53.004942,55,5086.75907
66.626203,69,5089.056124
43.303081,45,5090.603119
73.410409,76,5093.197072
122.983329,126,5097.338021
95.502943,98,5100.6039
129.568617,133,5105.151129
489.97115,500,5121.668043
50.109089,52,5123.496311
263.97162,269,5132.372511
325.920029,332,5143.498379
70.799033,73,5145.936069
313.075624,318,5156.483766
57.998107,60,5158.483922
126.121528,129,5162.687376
196.779496,202,5169.297266
169.630971,174,5175.063341
122.484557,125,5179.277619
392.429204,402,5192.481774
275.636088,282,5201.967384
352.359938,360,5213.921442
282.089252,289,5223.578445
142.383244,146,5228.422572
195.141756,200,5235.136753
239.299037,245,5243.309344
472.404624,483,5259.451228
82.358046,84,5262.310826
313.156275,320,5273.015056
158.085461,162,5278.343596
289.174581,294,5288.116519
219.227589,225,5295.63273
330.010611,337,5306.83673
237.337949,244,5314.85298
176.289862,181,5320.853447
43.110093,45,5322.384817
72.516421,75,5324.822507
33.329655,35,5325.994474
113.133568,116,5329.885402
390.945039,400,5343.089557
114.720191,118,5347.089869
240.80076,245,5355.246755
50.348759,52,5357.012517
428.045871,436,5371.685537
477.990092,488,5388.077441
25.814843,27,5388.968135
108.186838,111,5392.718428
275.917437,281,5401.906644
50.00599,52,5403.734912
490.573916,500,5420.033058
488.921538,500,5436.488446
488.854763,500,5453.255378
249.860034,255,5461.693537
488.814669,500,5478.022934
490.639832,500,5494.727363
490.014173,500,5511.478669
489.27232,500,5528.245601
208.478785,213,5535.230522
330.179023,335,5546.450146
494.026721,500,5562.998313
477.992063,486,5578.983937
489.812052,500,5595.625858
345.3519,353,5607.220512
488.921162,500,5624.018698
488.509139,500,5640.488817
490.323749,500,5657.287003
246.690538,251,5665.740787
398.93398,408,5679.351224
488.845148,500,5696.367058
173.057958,177,5702.258143
72.801794,75,5704.727085
131.301686,135,5709.196183
104.298097,107,5712.821466
489.625799,500,5729.307127
200.39143,205,5736.182663
489.948318,500,5752.980849
488.487633,500,5769.66965
117.96025,121,5773.716841
388.583197,396,5786.811611
111.32817,114,5790.749419
490.283125,500,5807.313211
139.767553,143,5812.110459
91.415224,94,5815.251329
490.402642,500,5831.941068
491.079397,500,5848.270467
298.05891,304,5858.396257
492.079893,500,5874.91317
101.125256,104,5878.5072
489.067049,500,5895.102244
59.003381,61,5897.102401
490.151991,500,5913.822455
151.127162,154,5918.947855
104.261906,107,5922.573137
158.880335,163,5927.964183
489.670923,500,5944.492027
489.093456,500,5961.011937
235.315996,241,5969.024071
162.201904,165,5974.461995
489.611409,500,5990.93299
350.64715,358,6002.808916
175.325173,179,6008.809385
60.599807,63,6010.887671
490.633046,500,6027.357707
158.363284,162,6032.858135
439.564016,449,6047.874931
491.292104,500,6064.376218
216.807149,222,6071.76742
282.697654,288,6081.377544
488.520113,500,6097.894457
488.715236,500,6114.41137
488.284554,498,6131.023033
488.961093,500,6147.633703
203.349218,208,6154.540493
241.978756,248,6162.853642
491.389316,500,6179.198666
62.659465,65,6181.308205
48.578515,50,6182.995836
491.353993,500,6199.590881
237.766537,243,6207.652871
151.30436,154,6212.856401
180.877182,185,6219.075636
184.735195,189,6225.466761
490.030085,500,6242.046178
24.575194,26,6242.968125
490.871373,500,6259.31315
120.562786,124,6263.44763
440.060184,449,6278.688666
207.493746,211,6285.673586
23.630913,25,6286.526467
129.141916,132,6290.987388
462.866818,472,6306.582354
277.712683,283,6316.020591
490.907076,500,6332.381241
168.494561,172,6338.209821
265.829766,271,6347.194897
112.547961,116,6351.070199
44.206895,46,6352.695326
246.334071,251,6361.086606
311.130092,316,6371.696808
490.834448,500,6388.213721
339.264541,347,6399.839628
141.174649,145,6404.746261
60.092614,62,6406.808922
133.704615,137,6411.543666
336.736728,343,6422.857048
34.206664,36,6424.091521
417.541677,426,6438.076985
488.716435,500,6454.500141
223.583175,228,6462.172615
191.10594,195,6468.766879
489.894647,500,6485.377549
431.064505,441,6500.144546
133.595326,136,6504.676149
53.933237,56,6506.598174
444.359889,454,6521.693101
99.335017,102,6525.177748
142.738676,146,6529.990623
244.088601,249,6538.19439
346.113977,352,6549.914052
276.672024,282,6559.243083
490.171193,500,6575.744369
490.989837,500,6592.385153
183.754981,188,6598.698146
51.045876,53,6600.479534
216.131605,221,6607.745726
493.346231,500,6624.202124
74.551414,77,6626.921085
489.160346,500,6643.563008
101.948199,105,6647.047655
492.259124,500,6663.76771
219.118777,224,6671.112033
155.660184,159,6676.424948
99.209093,102,6679.761852
488.20659,500,6696.544409
196.248275,200,6703.263683
143.758987,147,6708.139063
80.458297,83,6710.983036
156.89018,161,6716.327202
283.520485,289,6725.9217
490.206516,500,6742.735511
54.113493,56,6744.579406
93.171713,96,6747.829659
181.011785,185,6753.986389
490.084133,500,6770.565807
351.122444,358,6782.301098
116.120096,119,6786.270157
479.699118,489,6802.427756
491.101709,500,6819.054054
489.762771,500,6835.47721
489.390752,500,6851.947243
490.083885,500,6868.511035
489.303554,500,6884.871686
128.626096,132,6889.309533
490.639842,500,6905.592053
491.474706,500,6922.216402
271.124265,276,6931.467124
39.20295,41,6932.810979
165.89763,170,6938.420791
113.023694,116,6942.233589
331.262239,338,6953.531345
469.213514,479,6969.407584
227.509343,232,6977.173814
419.26464,427,6991.425441
185.69063,190,6997.816565
190.865356,195,7004.317071
80.577365,83,7007.145418
235.141743,240,7015.021031
492.329624,500,7031.569196
275.359821,281,7040.882423
179.343073,184,7046.976649
489.808406,500,7063.774834
156.107871,159,7069.025244
380.380368,387,7081.744986
223.683039,228,7089.37058
382.49568,389,7102.184079
151.16383,155,7107.528246
63.894428,66,7109.731543
407.375092,414,7123.216969
67.8517,70,7125.560903
236.41843,241,7133.639657
123.561726,126,7137.874364
470.185166,480,7153.656844
14.686808,16,7154.188135
263.391896,269,7163.126333
355.161202,363,7175.174147
97.219223,100,7178.533786
408.111303,416,7192.581754
174.460032,179,7198.550971
488.232139,500,7215.021005
491.920295,500,7231.631676
80.658852,83,7234.335012
390.171812,397,7247.476662
478.911156,490,7263.524788
326.695167,333,7274.51002
76.37652,78,7277.103972
216.989026,221,7284.384698
424.394285,431,7298.573305
53.049818,55,7300.385947
45.373928,47,7301.964195
179.815675,183,7308.230307
243.588092,248,7316.480952
111.889669,115,7320.199991
163.118324,166,7325.731672
491.908798,500,7342.217333
255.804875,261,7350.858633
98.472749,101,7354.21827
491.507012,500,7370.625799
34.386767,36,7371.875896
130.215243,134,7376.313743
31.500185,33,7377.485709
142.983755,147,7382.345463
174.163172,178,7388.174042
126.145317,129,7392.408748
366.987044,374,7404.690956
491.15543,500,7421.301626
84.604599,87,7424.208104
488.964662,500,7440.678382
255.609831,261,7449.413438
401.96809,412,7463.055127
98.127774,101,7466.383512
400.229399,409,7479.80657
489.381124,500,7496.58913
490.142277,500,7513.27793
157.654987,162,7518.543967
490.813654,500,7535.107759
490.471239,500,7551.562703
66.637689,69,7553.797252
489.527649,500,7570.204783
488.534577,500,7586.831079
357.744731,367,7599.098539
489.107074,500,7615.53732
491.661321,500,7632.02298
26.425658,28,7632.991806
71.891991,74,7635.507627
66.814986,69,7637.882814
35.357054,37,7639.13291
168.606363,173,7644.91461
489.123195,500,7661.431524
307.296689,314,7672.010475
490.857954,500,7688.699276
347.230635,354,7700.434566
35.17756,37,7701.715915
58.028181,60,7703.716071
491.367953,500,7720.404875
68.127051,70,7722.686301
489.310616,500,7739.281504
298.176341,303,7749.470001
488.633654,500,7766.04942
449.85831,460,7781.394366
317.538536,324,7792.051448
490.239721,500,7808.49023
490.535278,500,7825.060035
57.138746,59,7827.076312
490.44478,500,7843.436963
265.319769,270,7852.454259
489.727915,500,7868.955547
71.885737,74,7871.471367
490.348075,500,7888.123079
50.282234,52,7889.920095
135.139364,138,7894.451698
488.930473,500,7911.031116
192.452216,197,7917.594128
52.292486,54,7919.40677
252.905756,259,7928.1262
274.622437,280,7937.564436
187.873653,192,7943.971185
107.95508,111,7947.721479
39.08564,41,7949.065332
39.329479,41,7950.409188
174.599989,178,7956.534665
489.117659,500,7973.33285
486.194885,495,7989.756006
488.756568,500,8006.277405
114.287608,117,8010.137081
489.518591,500,8026.654159
232.287948,237,8034.561026
490.17363,500,8051.062312
490.675222,500,8067.657358
414.775093,423,8081.706251
59.445635,61,8083.909545
202.357393,207,8090.800708
187.617341,191,8097.176206
180.915657,185,8103.207925
489.801893,500,8119.881101
333.199071,340,8131.225736
78.536676,81,8133.975951
38.544685,40,8135.304181
490.016744,500,8152.102365
45.999058,48,8153.727491
42.066243,44,8155.149476
204.564048,209,8162.071892
34.228072,36,8163.306363
188.364637,193,8169.713112
46.900814,49,8171.463249
490.225841,500,8188.07392
68.995688,71,8190.464731
195.713264,201,8197.199632
100.162436,103,8200.746783
74.474744,77,8203.309483
164.477133,169,8208.981801
216.505156,221,8216.29487
489.307762,500,8232.922071
490.978957,500,8249.626498
489.244488,500,8266.299674
297.241654,304,8276.519221
31.497806,33,8277.644308
54.205101,56,8279.535081
489.553447,500,8296.208256
280.036937,286,8305.427726
489.710405,500,8322.060107
490.383477,500,8338.420758
122.861179,126,8342.827869
337.868709,345,8354.032364
23.537393,25,8354.891807
24.587966,26,8355.751248
42.211733,44,8357.251365
292.429026,298,8367.236519
125.067161,128,8371.627487
110.282969,113,8375.424658
302.610563,308,8385.612952
183.871042,188,8391.894693
87.844317,90,8395.051188
446.667613,456,8410.364883
147.414626,151,8415.349647
50.146274,52,8417.131036
33.44046,35,8418.303002
61.253325,63,8420.334411
209.395909,214,8427.413563
491.282814,500,8443.724808
490.957399,500,8460.226095
491.914734,500,8476.711756
489.48539,500,8493.369305
492.7799,500,8509.854965
489.615654,500,8526.403131
392.560365,401,8539.622913
489.459264,500,8556.108573
488.794655,500,8572.546319
489.620047,500,8589.193378
464.263533,471,8605.007112
92.854508,96,8608.179233
490.052801,500,8624.711773
491.217777,500,8641.025546
489.209507,500,8657.502766
263.946081,269,8666.409711
44.167779,46,8667.941082
488.414031,498,8684.395489
491.93852,500,8700.865523
489.597936,500,8717.273054
490.336456,500,8733.586825
242.351762,247,8741.806217
79.723884,82,8744.572057
283.686052,288,8754.244688
389.706737,397,8767.214448
57.075377,59,8769.214604
289.344784,296,8779.072532
198.548084,203,8785.838684
489.592985,500,8802.38685
396.850785,403,8815.716014
490.430926,500,8832.18605
490.041605,500,8848.749841
270.698978,278,8858.109946
491.699937,500,8874.751869
290.885506,298,8884.674518
491.659604,500,8901.034053
490.00699,500,8917.488462
64.939483,67,8919.676131
195.307973,201,8926.489164
112.461463,115,8930.301961
143.269983,147,8935.271098
124.561477,128,8939.490178
488.742689,500,8955.913809
35.349934,37,8957.179533
93.491825,96,8960.445412
491.509834,500,8976.852942
464.39818,473,8992.791685
230.093648,235,9000.557916
350.049164,357,9012.40259
488.90848,500,9029.013261
491.264903,500,9045.420789
217.887457,223,9052.811991
156.864162,161,9058.124907
490.675799,500,9074.579866
98.94919,102,9077.986382
43.208989,45,9079.455247
51.714915,54,9081.252262
76.382268,79,9083.924344
490.935019,500,9100.47251
490.575424,500,9117.005166
122.06682,126,9121.239871
157.990566,162,9126.568412
489.607809,500,9143.100952
491.783481,500,9159.55536
490.458943,500,9176.041021
214.141851,219,9183.229081
48.16408,50,9184.979218
489.715446,500,9201.573821
85.6454,88,9204.558426
370.006642,376,9217.043775
462.189211,470,9232.466854
489.487344,500,9248.89097
489.711297,500,9265.392449
27.508645,29,9266.376901
491.48143,500,9283.003198
488.738598,500,9299.551363
491.564654,500,9315.896388
233.669886,238,9323.772002
21.692244,23,9324.553313
490.701732,500,9341.210863
330.804562,339,9352.492992
136.048449,140,9357.212111
124.010594,127,9361.399937
23.513913,25,9362.259379
491.358474,500,9378.885675
135.536847,139,9383.542288
254.507011,260,9392.199214
490.653301,500,9408.888016
161.209007,165,9414.466576
489.83271,500,9430.967862
124.327855,128,9435.390082
489.539137,500,9452.078884
489.307148,500,9468.707352
491.466659,500,9485.318022
492.001412,500,9501.943911
164.818382,169,9507.678734
489.34818,500,9524.414413
55.083764,57,9526.383317
190.673062,194,9532.883824
180.47232,185,9539.18119
491.935064,500,9555.819687
490.744092,500,9572.336601
490.454633,500,9588.837887
239.88421,245,9597.151037
489.233285,500,9613.841029
489.239483,500,9630.436073
462.853432,474,9646.062292
64.542293,67,9648.281215
81.485503,84,9651.203318
492.496095,500,9667.642183
116.360694,120,9671.564363
222.194657,227,9679.252462
490.898118,500,9695.675619
256.528254,261,9704.629442
342.383924,350,9716.177218
40.608051,42,9717.630456
491.715996,500,9734.178622
491.52002,500,9750.695935
490.264942,500,9767.180494
65.215619,67,9769.493173
346.748817,355,9781.306596
101.148536,104,9784.744364
490.748477,500,9801.167519
442.904651,453,9816.390378
492.234756,500,9832.922921
489.280242,500,9849.486709
413.2391,423,9863.650161
342.871591,349,9875.338573
185.624712,189,9881.620314
367.304469,373,9894.230672
137.826403,141,9898.793527
490.741197,500,9915.497955
492.332942,500,9932.061747
274.852101,280,9941.468731
491.725364,500,9958.079401
489.598798,500,9974.565063
489.163626,500,9991.206986
308.934968,314,10001.645299
490.001434,500,10018.427858
490.451397,500,10035.101034
103.510537,106,10038.63256
68.917701,71,10040.992119
491.178036,500,10057.524658
490.324487,500,10074.040489
60.805301,63,10076.103151
490.523443,500,10092.933481
294.100755,300,10102.949888
489.28938,500,10119.748073
491.177505,500,10136.718146
492.013575,500,10153.531957
490.223046,500,10170.095749
490.200929,500,10186.800177
490.306744,500,10203.411134
76.444427,79,10206.098845
425.435741,433,10220.428087
387.829877,396,10233.73449
489.76537,500,10250.298282
490.48172,500,10267.12772
489.562219,500,10283.814723
490.09201,500,10300.425394
318.785505,324,10311.129354
229.203716,234,10318.973715
489.834229,500,10335.64689
66.055604,68,10337.928319
490.271936,500,10354.538989
187.43845,192,10360.914486
490.268542,500,10377.602771
140.27244,144,10382.415648
490.837542,500,10398.870925
295.822136,301,10409.01234
492.357746,500,10425.66989
205.389257,211,10432.748566
228.816344,234,10440.452293
489.29829,500,10456.969206
491.726953,500,10473.704886
418.154459,428,10487.98798
62.764883,65,10490.09752
492.468815,500,10506.895839
490.695502,500,10523.673685
338.444275,344,10535.315219
90.880751,94,10538.471714
489.400995,500,10555.066759
73.919386,76,10557.520076
117.675397,120,10561.62977
489.879668,500,10578.646723
151.723874,155,10583.803375
72.266435,75,10586.303571
185.23269,190,10592.71032
169.509298,174,10598.523273
339.549876,347,10609.992918
41.034822,43,10611.43053
489.111783,500,10628.166212
492.926026,500,10644.714375
491.900855,500,10661.465682
490.511897,500,10678.137757
489.041785,500,10694.889552
490.593406,500,10711.594843
491.45787,500,10728.158634
135.896654,140,10732.893378
490.004606,500,10749.738442
489.957887,500,10766.521921
52.20518,54,10768.397067
29.583657,31,10769.444025
172.330385,176,10775.350734
472.56455,482,10791.539497
391.725291,401,10805.228065
51.275974,53,10807.056332
489.74811,500,10823.807638
489.617246,500,10840.37143
168.412932,172,10846.215637
490.970944,500,10862.841934
112.468148,115,10866.717235
248.40832,253,10875.186646
489.98122,500,10891.812944
359.111788,366,10904.079524
488.884268,500,10920.877709
38.401121,40,10922.252817
163.071497,167,10927.925134
257.653599,263,10936.941462
370.603496,378,10949.661399
111.293862,114,10953.442944
490.397749,500,10969.991676
286.562098,292,10979.648679
351.719818,359,10991.540232
490.62546,500,11008.213407
56.97194,59,11010.213563
297.250325,302,11020.526867
491.768306,500,11037.293393
491.204019,500,11054.419729
457.369138,465,11069.921049
247.605087,252,11078.218695
76.514812,79,11080.922031
324.090396,330,11091.891637
143.546606,147,11096.860775
490.436413,500,11113.596455
445.096188,453,11128.816391
246.430112,252,11137.348307
491.728084,500,11154.037278
211.597194,216,11161.272217
207.187562,212,11168.350894
261.554364,267,11177.492233
231.753566,236,11185.461604
489.625618,500,11202.025396
58.999249,61,11204.11931
490.942201,500,11221.042504
490.773112,500,11237.668801
466.629231,475,11253.404403
63.60314,66,11255.701457
491.032224,500,11272.640279
226.68473,232,11280.515893
313.796892,321,11291.344862
490.837701,500,11308.158674
491.222489,500,11324.910485
112.790606,116,11328.721764
492.239731,500,11345.519949
490.433628,500,11362.33376
435.345075,445,11377.147415
490.698613,500,11393.804968
488.704898,500,11410.47814
490.708055,500,11427.463967
491.199502,500,11444.309028
491.325089,500,11461.091587
490.888032,500,11477.874146
489.007646,500,11494.609826
491.330268,500,11511.204871
490.248468,500,11527.768662
131.648394,135,11532.48778
490.75848,500,11548.97344
56.195692,58,11550.911093
402.130494,410,11564.740295
491.37415,500,11581.507229
492.738739,500,11598.274161
491.346721,500,11614.688173
176.911217,181,11620.641764
197.588063,203,11627.345411
489.613468,500,11644.190475
279.518267,286,11653.659964
491.37199,500,11670.208129
490.743461,500,11686.850054
178.392079,183,11692.991156
489.1041,500,11709.883605
492.516722,500,11726.573305
234.373564,239,11734.636434
491.168288,500,11751.387742
187.51851,192,11757.794491
489.707883,500,11774.405162
492.057274,500,11791.156467
429.563765,437,11805.907617
278.21141,284,11815.36148
299.061426,304,11825.549775
24.546388,26,11826.471722
296.836449,303,11836.706895
313.315103,319,11847.317098
490.688027,500,11864.271544
207.450967,212,11871.350222
119.424235,123,11875.444292
51.217522,53,11877.335063
335.186736,341,11888.75783
206.54643,211,11895.867759
166.349984,170,11901.602582
58.092549,60,11903.587112
233.730976,239,11911.665919
34.505743,36,11912.900388
492.881128,500,11929.776706
489.565073,500,11946.434254
204.39756,209,11953.591062
227.721178,232,11961.294788
315.817485,323,11972.264394
22.605353,24,11973.123837
492.216851,500,11989.734507
492.814378,500,12006.501987
32.353406,34,12007.673952
66.676409,69,12009.971007
36.361144,38,12011.346114
173.919867,178,12017.252825
135.201018,138,12022.050075
490.47967,500,12038.854866
448.09816,457,12054.121831
492.824926,500,12070.810631
491.227045,500,12087.421302
411.494339,417,12101.31301
441.402892,449,12116.36106
296.707274,302,12126.549354
489.371159,500,12143.066267
303.421988,309,12153.42645
490.360896,500,12170.052747
212.758162,218,12177.350191
228.542598,234,12185.257058
491.357138,500,12201.914607
273.218193,279,12211.227833
127.407692,131,12215.650054
491.613322,500,12232.510743
29.467557,31,12233.526447
488.617777,500,12250.277795
486.163843,495,12266.857213
237.810321,243,12275.060977
491.321451,500,12291.656021
328.831703,334,12302.828768
100.458929,103,12306.266536
213.386252,218,12313.454597
492.28068,500,12330.018878
491.257243,500,12346.613921
35.283746,37,12347.864998
489.970943,500,12364.428983
492.645441,500,12380.940315
491.902342,500,12397.519734
90.26724,93,12400.629352
378.866681,384,12413.380346
492.227308,500,12430.1004
388.378801,396,12443.351434
476.371746,486,12459.52457
490.862478,500,12476.291503
430.450246,440,12491.058279
491.717339,500,12507.700202
490.902477,500,12524.482762
492.780377,500,12541.265321
490.236265,500,12557.782233
59.587632,62,12559.891773
146.495281,150,12564.829658
491.234709,500,12581.51846
490.171283,500,12598.222888
492.150864,500,12615.005447
492.598831,500,12631.649634
489.255734,500,12648.494698
489.792915,500,12665.230378
489.29546,500,12682.012937
490.441147,500,12698.499054
490.68687,500,12715.17223
490.975189,500,12732.001668
377.709991,384,12744.815167
489.455611,500,12761.441463
489.6067,500,12777.895871
302.467723,309,12788.037287
489.756903,500,12804.772968
491.227243,500,12821.352386
490.375124,500,12837.916178
488.847935,500,12854.386213
492.21767,500,12870.950004
320.702917,329,12881.950862
491.176939,500,12898.515147
491.661158,500,12914.945039
491.011866,500,12931.586962
491.129952,500,12948.416401
231.81902,237,12956.35452
491.470413,500,12973.106751
489.944638,500,12989.701795
490.486987,500,13006.468728
492.091502,500,13023.204409
282.004281,287,13032.970794
405.308861,414,13046.893756
306.493248,314,13057.332069
439.300386,446,13072.1301
489.756113,500,13088.740769
489.242231,500,13105.523329
307.336571,316,13116.008521
30.425936,32,13117.086731
490.440991,500,13133.713027
151.944667,156,13138.869679
378.318766,386,13151.732407
490.713314,500,13168.686856
494.05382,500,13185.563171
489.743348,500,13202.376982
492.102389,500,13219.190794
287.382825,293,13229.082191
173.523184,178,13235.03578
302.278069,307,13245.286579
279.724462,285,13254.959209
493.16866,500,13271.616758
469.674553,478,13287.508099
489.883271,500,13304.259647
349.741718,358,13316.262608
444.834663,452,13331.591928
490.418534,500,13348.436993
490.977011,500,13365.110168
146.288785,150,13370.188689
491.970798,500,13386.92437
414.776688,421,13400.925462
156.053826,160,13406.274454
490.940152,500,13422.775741
186.984737,191,13429.213743
492.089394,500,13445.84097
490.04566,500,13462.389136
491.162358,500,13479.062312
491.003457,500,13495.813619
219.152465,224,13503.345455
120.277547,123,13507.642666
491.584299,500,13524.190832
493.230318,500,13540.864007
221.566813,227,13548.427096
491.593489,500,13565.180485
489.68545,500,13581.916166
190.466751,194,13588.338541
492.883581,500,13605.042969
217.530127,223,13612.606059
295.184795,301,13622.606839
111.094915,114,13626.419636
152.729052,156,13631.654419
212.317425,218,13638.795602
209.714166,213,13645.968036
19.63758,21,13646.70247
205.565765,210,13653.828025
251.771861,257,13662.359939
330.787297,338,13673.829584
490.72711,500,13690.376701
196.768102,201,13697.15848
268.301754,274,13706.346697
134.840821,138,13711.050189
28.494587,30,13712.097147
490.283421,500,13728.739068
433.045723,441,13743.271451
412.028077,420,13757.303797
182.45434,187,13763.460526
491.840938,500,13779.993066
445.087371,453,13795.10362
181.420515,185,13801.354107
225.464368,230,13809.073459
490.65709,500,13825.840392
490.904096,500,13842.513567
489.542905,500,13859.452388
490.204195,500,13876.359959
275.72636,281,13885.7904
239.075616,245,13894.041044
488.696445,500,13910.886107
492.073773,500,13927.606162
492.246133,500,13944.357468
147.827261,151,13949.373485
490.17218,500,13966.061809
489.440235,500,13982.813116
47.980393,50,13984.532
491.472097,500,14001.533326
156.162061,160,14006.846241
312.080168,319,14017.565826
386.971199,394,14030.863739
119.717685,122,14035.051565
253.686142,260,14043.911631
489.690355,500,14060.694191
491.797867,500,14077.585603
91.357645,94,14080.742099
428.230107,437,14095.259749
491.559029,500,14111.82354
140.057785,144,14116.527031
272.265957,278,14125.776505
71.889679,74,14128.245448
491.054143,500,14144.965502
489.901454,500,14161.607425
492.864369,500,14178.437024
489.90893,500,14194.891431
394.452948,402,14208.486242
254.405556,260,14217.221298
46.146102,48,14218.830798
59.554077,62,14220.893461
490.065293,500,14237.551009
198.03536,202,14244.317161
491.735621,500,14260.865326
489.042994,500,14277.460371
206.20687,211,14284.648432
491.768422,500,14301.415364
183.230871,187,14307.588279
234.390161,239,14315.620156
401.562487,409,14329.246219
69.846071,72,14331.621405
491.626785,500,14348.247701
203.882952,208,14355.326378
491.757493,500,14372.093311
418.35331,426,14386.594441
375.054122,383,14399.423584
200.578696,205,14406.424131
101.129908,104,14410.096292
26.440611,28,14411.111997
207.439291,212,14418.096916
491.924972,500,14434.707586
257.953817,263,14443.598905
220.115137,224,14451.208873
491.54259,500,14467.944554
489.841186,500,14484.586476
492.341435,500,14501.290905
432.699902,443,14515.995176
490.302987,500,14532.6371
299.818956,307,14542.997282
154.431101,157,14548.21644
411.349051,420,14562.155027
490.715965,500,14578.906332
208.08768,212,14586.000636
118.142402,121,14590.141584
51.140568,53,14591.922973
492.073048,500,14608.66618
54.311318,56,14610.556953
490.446791,500,14627.05824
490.444833,500,14643.778294
491.352603,500,14660.638985
491.697268,500,14677.2972
489.107471,500,14693.876618
490.548721,500,14710.424784
277.189389,283,14719.769263
489.685423,500,14736.598701
489.038052,500,14753.287502
384.890198,394,14766.226012
168.984457,173,14772.085843
490.690396,500,14788.665262
490.89285,500,14805.057165
446.909119,456,14820.230223
307.893047,316,14830.871678
176.72674,180,14836.856519
191.415997,195,14843.419531
491.046407,500,14860.123961
23.518056,25,14860.999029
125.180573,129,14865.358743
490.360617,500,14881.875657
490.768899,500,14898.408195
489.689144,500,14914.987614
348.332629,353,14926.816662
415.879583,424,14941.052149
468.115818,479,14957.100274
110.269147,113,14960.881819
76.445838,79,14963.47577
435.886912,445,14978.52382
488.997188,500,14994.962221
406.399765,414,15008.791934
365.057845,374,15021.089769
490.480851,500,15037.715141
492.793358,500,15054.591458
435.51785,443,15069.514497
442.855598,450,15084.578171
490.158894,500,15101.204468
492.463416,500,15117.84639
44.280776,46,15119.424638
489.419845,500,15136.066561
51.14267,53,15137.89483
63.129399,65,15140.129379
48.114264,50,15141.801383
490.229727,500,15158.458933
120.435493,123,15162.553002
379.341648,387,15175.429007
84.919164,87,15178.288604
491.134429,500,15194.993033
53.077019,55,15196.868179
491.421753,500,15213.419482
36.272856,38,15214.66958
491.134534,500,15231.248997
491.55678,500,15247.875294
490.041086,500,15264.532843
490.038454,500,15281.365762
492.739225,500,15297.960807
491.648465,500,15314.540225
40.254309,42,15316.024715
315.192311,321,15326.603665
59.927375,62,15328.634022
418.612359,427,15342.65074
491.312511,500,15359.059241
278.374227,284,15368.481851
489.653181,500,15385.030016
489.400696,500,15401.703192
492.059614,500,15418.407619
173.110625,178,15424.220573
490.529985,500,15440.831517
491.982226,500,15457.582824
480.520127,489,15473.92785
433.306412,443,15488.55399
201.157814,205,15495.398274
492.135823,500,15512.026083
491.203075,500,15528.652381
152.470623,155,15533.949668
60.3001,62,15535.981077
491.224819,500,15552.873019
138.109838,141,15557.545258
36.300908,38,15558.889113
493.741447,500,15575.531037
492.309978,500,15592.282342
77.463512,80,15594.891921
491.176856,500,15611.721358
402.233,410,15625.566188
489.910131,500,15642.489869
211.591508,216,15649.646677
490.344222,500,15666.460488
491.48552,500,15683.358557
98.175114,101,15686.765072
491.138816,500,15703.516378
203.018653,207,15710.563804
85.167843,88,15713.579664
248.282501,252,15722.236798
310.062376,315,15732.800215
490.55975,500,15749.426511
67.040486,69,15751.739192
162.274554,166,15757.317752
490.509177,500,15773.959675
486.833574,493,15790.42971
93.628134,96,15793.679964
239.18935,243,15801.899354
492.933726,500,15818.728791
387.823009,394,15831.979825
492.111491,500,15848.918646
490.511724,500,15865.88872
135.60477,139,15870.623464
490.97776,500,15887.468529
491.687106,500,15904.219835
255.554587,260,15913.125695
420.02787,429,15927.504527
491.431677,500,15944.443348
407.489645,415,15958.397527
490.773175,500,15975.055077
489.917928,500,15991.590449
491.620869,500,16008.169867
117.514875,121,16012.232685
286.906908,292,16022.077203
119.525694,122,16026.14002
490.65936,500,16042.860227
185.686832,190,16049.188847
152.870992,157,16054.392377
489.866856,500,16071.299946
490.505466,500,16088.004374
389.2969,397,16101.458549
466.850427,476,16117.56918
490.26131,500,16134.461122
194.798998,200,16141.352285
491.330131,500,16158.103591
32.629743,34,16159.275558
263.838144,269,16168.463774
275.532566,280,16178.136403
492.781194,500,16194.918962
224.846275,229,16202.747698
425.554955,434,16217.342587
355.995701,363,16229.703439
264.28699,269,16238.75102
492.153774,500,16255.564832
78.534703,81,16258.361925
254.385791,259,16267.190737
283.09309,288,16276.817444
142.171309,145,16281.755329
491.249962,500,16298.522262
136.016517,139,16303.116371
441.628023,450,16318.070662
491.430783,500,16334.775089
490.975938,500,16351.52654
490.26933,500,16368.466251
249.036153,253,16377.076297
264.526595,269,16386.077477
145.816422,149,16391.046615
208.30411,213,16398.265928
259.356113,265,16407.110368
186.73237,191,16413.563996
494.489786,500,16430.705958
305.465778,313,16441.300534
310.113852,316,16451.941991
491.595082,500,16468.724549
272.096916,279,16478.084653
97.118202,100,16481.522421
420.319521,428,16495.9923
468.986251,476,16512.149811
67.083652,69,16514.540622
185.60382,190,16521.025502
119.462136,122,16525.135088
468.515992,477,16541.213368
162.508163,166,16546.7763
490.715633,500,16563.527607
489.591109,500,16580.232035
135.376074,139,16585.091789
36.439729,38,16586.513776
230.540463,236,16594.405015
428.658561,437,16609.01553
50.273922,52,16610.796919
335.933347,343,16622.235311
491.382304,500,16639.127443
145.358896,149,16644.268469
437.1323,447,16658.957115
249.462704,255,16667.520282
144.943141,148,16672.458167
395.635057,403,16685.927968
365.714869,374,16698.44457
42.236516,44,16699.944686
491.136406,500,16716.680367
490.794822,500,16733.400421
490.930524,500,16750.081766
193.890175,198,16756.879171
160.501141,165,16762.410852
491.386141,500,16779.271543
491.937833,500,16795.882213
46.041305,48,16797.538593
344.294818,351,16809.377357
450.617385,460,16824.893791
491.421726,500,16841.832613
182.339661,186,16848.0831
490.708293,500,16864.881284
181.531185,186,16871.272409
188.283766,193,16877.71041
250.100843,256,16886.414214
46.4665,48,16888.117472
492.633348,500,16904.931284
314.523646,322,16915.822758
199.802602,205,16922.776425
310.300244,315,16933.292871
28.563313,30,16934.355453
225.104374,231,16942.074805
427.295881,436,16956.763452
493.32085,500,16973.639938
302.827966,308,16983.906473
168.416338,172,16989.866566
321.918607,330,17000.929929
136.226724,139,17005.560401
82.310454,85,17008.513756
491.274308,500,17025.358819
238.881883,244,17033.609463
55.990511,58,17035.593993
269.286054,275,17044.907713
490.203127,500,17061.877786
489.083542,500,17078.72285
491.892312,500,17095.427278
155.320901,159,17100.693313
153.4979,157,17106.021854
185.994145,190,17112.350473
491.648096,500,17129.523688
26.57898,28,17130.445634
318.339097,324,17141.462118
138.256419,142,17146.321872
232.250948,238,17154.353749
258.480669,263,17163.151311
100.995388,104,17166.604704
115.247699,118,17170.527127
490.956817,500,17187.29406
488.825269,500,17203.998487
202.228142,206,17210.905277
491.675703,500,17227.719088
128.852238,131,17232.047551
145.554937,149,17237.266707
219.374907,225,17244.657909
50.074246,52,17246.361166
129.956645,133,17250.814638
46.103475,48,17252.424139
59.085977,61,17254.533678
206.058766,210,17261.534224
478.590534,487,17277.738613
70.998574,73,17280.160677
442.37862,452,17295.052464
491.282154,500,17311.740753
458.688883,470,17327.288841
491.019129,500,17344.040147
489.42195,500,17360.619565
492.919988,500,17377.183357
492.030402,500,17393.715896
445.600125,455,17408.717066
194.12714,198,17415.217573
240.471355,245,17423.54635
491.391995,500,17440.188271
451.370083,461,17455.68948
186.930598,190,17461.924341
173.700228,177,17467.815425
489.898352,500,17484.566732
391.155313,400,17497.895896
490.146635,500,17514.428436
169.293862,172,17520.382026
153.817202,157,17525.585557
177.182938,182,17531.711034
66.432588,69,17534.08622
201.014333,205,17540.94613
488.733411,500,17557.509922
493.616293,500,17574.073713
235.286239,240,17582.058712
256.373187,261,17590.778141
491.973556,500,17607.560701
490.492104,500,17624.406699
492.590714,500,17641.174516
491.618272,500,17658.049227
284.642475,291,17667.893746
489.620644,500,17684.69193
205.986071,210,17691.708102
491.553241,500,17708.367153
490.219863,500,17724.970909
489.882374,500,17741.409692
402.184047,409,17755.004502
490.58381,500,17771.693303
354.248724,363,17783.928632
185.737449,189,17790.257251
490.452342,500,17806.805416
253.157606,258,17815.540473
490.003078,500,17832.026134
489.705173,500,17848.621178
489.753901,500,17865.122465
488.792881,500,17881.561247
325.340223,333,17892.780872
491.814735,500,17909.432315
491.149281,500,17926.042985
61.014926,63,17928.09002
489.97009,500,17945.044468
399.892325,408,17958.458794
491.805043,500,17975.210101
489.438039,500,17991.961407
262.091382,268,18000.993361
331.654395,338,18012.087977
415.757832,424,18026.635987
465.204204,474,18042.434094
108.548555,111,18046.16876
326.383873,333,18057.404012
491.463775,500,18074.139692
491.211072,500,18090.750363
43.046999,45,18092.359862
489.994447,500,18108.829898
148.762787,153,18113.970924
231.684504,237,18121.940295
320.250881,328,18132.972405
490.328295,500,18149.723711
489.817689,500,18166.443767
33.492267,35,18167.693865
489.603212,500,18184.351413
430.141907,439,18199.07131
430.083042,438,18213.869489
489.208006,500,18230.277185
442.725787,451,18245.293981
72.731573,75,18247.809802
491.483819,500,18264.561108
491.636886,500,18281.186544
375.222875,382,18294.139152
283.455854,288,18303.827407
490.856643,500,18320.484956
490.336464,500,18337.236262
156.714886,160,18342.58043
390.747653,399,18355.909595
489.995188,500,18372.551517
490.600713,500,18389.505964
164.615507,168,18395.178282
63.576744,66,18397.506588
490.702232,500,18414.461193
489.60649,500,18431.149995
491.426619,500,18447.963806
490.766109,500,18464.699486
489.392182,500,18481.419541
490.373483,500,18497.998959
193.401322,199,18504.577597
238.911039,244,18512.75011
489.001725,500,18529.31438
219.128187,225,18536.861842
490.570953,500,18553.644402
488.37419,500,18570.25416
481.511608,493,18586.739821
491.218851,500,18603.474979
260.802099,266,18612.241288
36.428908,38,18613.538264
123.453736,126,18617.772969
240.474832,245,18625.976735
489.031059,500,18642.540526
216.552906,220,18650.009859
296.894941,304,18660.229406
40.370309,42,18661.635765
48.182452,50,18663.319258
490.779766,500,18680.00806
491.144911,500,18696.792082
490.499109,500,18713.402752
490.862639,500,18730.122805
492.696782,500,18747.202262
492.6442,500,18764.062952
491.328507,500,18780.68925
125.714918,129,18784.939581
262.475931,268,18794.002789
489.585806,500,18810.734004
115.762462,119,18814.703065
492.46477,500,18831.485623
180.211355,185,18837.73611
491.370206,500,18854.690557
124.150275,127,18859.050273
419.990176,430,18873.44202
490.251383,500,18889.990741
324.049457,331,18901.351002
206.903718,210,18908.367175
490.970206,500,18925.071602
332.437381,340,18936.697508
490.658542,500,18953.542573
50.986033,53,18955.339587
50.099227,52,18957.058472
128.396325,131,18961.590075
269.134568,275,18970.747041
175.463433,179,18976.700629
62.95353,65,18978.919552
491.468214,500,18995.639606
305.373155,311,19006.124799
309.923249,315,19016.782387
212.517888,217,19024.017325
489.712517,500,19040.785258
426.608212,438,19055.520782
255.435988,261,19064.365221
490.259459,500,19080.616488
356.087388,364,19092.774729
490.537084,500,19109.588697
488.683158,500,19126.246246
490.93992,500,19142.9663
318.315898,325,19153.764018
490.064325,500,19170.468616
262.447164,269,19179.531823
490.373875,500,19196.283129
488.443213,500,19212.925053
177.071578,181,19219.003651
490.369724,500,19235.864342
490.98883,500,19252.56877
488.01031,500,19269.304451
490.140317,500,19286.024504
423.939442,432,19300.45363
490.18547,500,19317.189568
491.051028,500,19333.815865
489.319014,500,19350.28539
229.918865,235,19358.223511
489.091882,500,19374.741353
285.568133,291,19384.66337
490.22609,500,19401.2585
245.480111,250,19409.618528
354.622227,363,19421.931989
112.941421,116,19425.760412
111.727639,115,19429.635714
64.692686,67,19431.932768
490.253071,500,19448.497467
489.19535,500,19465.451914
490.949515,500,19482.312604
490.688739,500,19499.0641
488.399117,500,19515.92479
491.613784,500,19532.582338
368.482361,376,19545.255203
491.687963,500,19561.990882
491.334944,500,19578.533386
492.563989,500,19595.175309
490.798818,500,19611.817232
491.350063,500,19628.396154
489.317591,500,19645.006824
489.494531,500,19661.601868
75.478207,78,19664.211447
97.227755,100,19667.664842
174.339998,178,19673.555926
487.732515,500,19690.27598
490.007399,500,19706.746014
32.561872,34,19707.917981
208.333482,214,19715.121668
255.963878,261,19723.864265
178.735805,183,19729.958489
489.581093,500,19746.397271
205.222754,210,19753.194677
490.909722,500,19769.649085
490.594068,500,19786.275381
66.774569,69,19788.650566
101.991697,105,19792.088336
57.013029,59,19794.01036
347.400693,355,19805.730024
492.994247,500,19822.387573
490.308807,500,19839.123254
491.141248,500,19855.780803
492.066925,500,19872.500857
491.457732,500,19888.908386
489.567553,500,19905.597188
490.980836,500,19921.848456
97.970192,101,19925.164315
491.868596,500,19941.72865
491.217165,500,19958.246078
282.924431,289,19967.856202
488.615748,500,19984.466873
492.33347,500,20001.046292
21.533422,23,20001.936985
72.412949,75,20004.484059
491.357906,500,20021.204197
490.148976,500,20037.877373
491.411823,500,20054.25365
490.492163,500,20070.598675
492.39306,500,20087.053083
180.91033,185,20093.241066
336.090404,341,20104.429438
492.419124,500,20121.071361
490.353325,500,20137.603901
248.793125,254,20146.010806
401.428652,409,20159.589991
272.858429,278,20168.621945
492.50676,500,20184.951344
433.34193,441,20199.452475
308.537689,315,20209.84391
490.169123,500,20226.423328
489.815843,500,20243.128743
490.835699,500,20259.739916
164.008564,168,20265.30285
172.221166,177,20271.162683
412.493784,422,20285.179401
492.368911,500,20301.774445
490.09131,500,20318.371595
491.794674,500,20334.794752
491.375593,500,20351.371846
246.991253,253,20359.669367
489.451805,500,20376.170654
213.481559,218,20383.374341
46.14854,48,20385.015093
490.776751,500,20401.672644
315.847209,323,20412.439109
490.318885,500,20429.081031
491.524751,500,20445.566692
489.954484,500,20462.302373
47.278398,49,20463.990004
271.728074,278,20473.115715
73.857596,76,20475.694042
490.936942,500,20492.179702
488.484303,500,20508.665363
491.697437,500,20525.214535
489.996048,500,20541.761245
489.748321,500,20558.285667
187.846842,192,20564.59866
490.056478,500,20581.25621
249.946715,255,20589.866256
490.364756,500,20606.262035
491.169323,500,20622.841453
490.281816,500,20639.405245
488.938885,500,20656.234683
490.310236,500,20672.8141
199.300679,203,20679.486496
264.858871,271,20688.330935
287.117218,293,20698.050444
222.949082,229,20705.597908
491.105193,500,20722.317962
490.62008,500,20738.97551
491.10371,500,20755.429919
263.783307,269,20764.243108
490.764641,500,20780.838152
311.110246,319,20791.448354
490.307383,500,20808.387536
207.702254,212,20815.559971
234.836694,240,20823.451678
160.360188,164,20828.998986
490.825928,500,20845.797171
78.587998,81,20848.469255
365.068091,371,20860.970354
167.013779,170,20866.736429
144.474796,147,20871.721191
174.360403,178,20877.737286
488.680377,500,20894.33233
199.557011,205,20901.239119
489.867875,500,20917.949042
166.510422,170,20923.543229
279.585585,286,20932.950213
190.898748,196,20939.669487
100.775202,104,20943.138507
301.180996,307,20953.561195
490.234015,500,20970.234516
489.971585,500,20986.938945
185.940304,191,20993.392573
75.781172,78,20996.002151
25.497124,27,20996.892846
432.888759,442,21011.503361
451.713537,461,21026.817056
119.56595,123,21030.973629
27.59088,29,21031.911202
244.155623,250,21040.130593
41.423088,43,21041.661963
316.631343,323,21052.428428
77.316444,80,21055.084885
80.783932,83,21057.897604
401.428591,409,21071.539294
244.205726,251,21079.89932
38.202963,40,21081.227549
110.766302,114,21085.134998
489.683279,500,21102.011314
449.972365,458,21117.293756
278.676203,285,21126.810123
297.344257,302,21136.889634
161.235385,165,21142.48382
475.701718,485,21158.485068
161.772745,166,21164.110508
63.795224,66,21166.298178
125.333657,129,21170.626641
323.521238,329,21181.549368
290.446178,296,21191.456391
178.226285,182,21197.519363
144.30523,148,21202.519753
85.780092,88,21205.441856
490.366895,500,21222.068153
227.284242,231,21229.834383
278.233167,284,21239.288247
243.310203,248,21247.710777
319.689416,326,21258.742889
211.859363,217,21266.102838
134.669872,138,21270.759451
489.500318,500,21287.501609
490.759927,500,21304.221662
489.979779,500,21321.073548
162.347111,166,21326.620855
269.528005,274,21335.902829
491.886937,500,21352.482248
491.846606,500,21369.22608
265.700748,271,21378.461176
491.733585,500,21395.261437
489.915777,500,21411.981078
490.651106,500,21428.779263
489.337985,500,21445.530569
491.950015,500,21462.203745
490.280244,500,21479.048809
263.399256,267,21487.940127
75.471438,78,21490.549705
71.571191,74,21493.143658
490.869964,500,21509.957471
248.10357,253,21518.364375
145.278117,149,21523.521029
31.370251,33,21524.646115
252.010627,256,21533.162405
490.884537,500,21550.226235
490.993067,500,21566.649391
412.24469,420,21580.603714
109.472622,112,21584.354007
189.329472,193,21590.776383
214.615039,220,21598.198837
240.240439,245,21606.340096
39.339361,41,21607.73083
191.640008,195,21614.247874
380.172404,386,21627.280141
119.514552,123,21631.37421
258.524843,263,21640.453042
125.333859,129,21644.765878
488.341031,500,21661.267165
277.577059,283,21670.721509
162.274835,166,21676.284443
36.30836,38,21677.628299
258.40383,265,21686.519616
37.397577,39,21687.847846
489.830751,500,21704.661657
113.350334,117,21708.521333
492.786192,500,21725.225761
274.781134,280,21734.50732
491.941251,500,21751.134146
67.774562,70,21753.509333
490.79434,500,21769.994993
369.812905,377,21782.480341
490.960508,500,21799.044133
424.721577,434,21813.654648
66.716426,69,21815.951703
206.679789,212,21823.171016
197.972168,203,21829.89029
241.182019,245,21838.015924
107.883012,111,21841.859973
244.265917,248,21850.001233
190.761471,194,21856.439235
155.907654,160,21861.83028
238.05863,242,21869.893577
62.818099,65,21872.003117
293.683941,299,21881.910233
175.427923,179,21888.098216
193.480306,197,21894.676855
490.939073,500,21911.287525
73.938181,76,21913.881477
331.695467,338,21925.382375
475.757511,482,21941.743024
491.945125,500,21958.478706
162.300221,166,21964.072893
106.104275,109,21967.729427
172.784421,177,21973.855386
182.145163,186,21979.980862
217.682626,222,21987.450195
253.168149,260,21996.372766
213.501564,218,22003.655456
293.315274,299,22013.609357
366.747589,375,22026.178943
307.659951,315,22036.695388
489.827149,500,22053.368563
489.972135,500,22070.072992
492.139205,500,22087.152449
492.221852,500,22103.856876
52.248117,54,22105.82578
489.268111,500,22122.530725
241.279603,246,22130.640733
31.444208,33,22131.781447
53.14578,55,22133.766488
489.785246,500,22150.549047
176.160345,180,22156.565141
372.136382,380,22169.175499
303.417123,309,22179.551309
68.913314,71,22182.004626
270.709752,276,22191.317852
225.141958,229,22198.990325
204.559138,209,22205.912739
241.429676,246,22214.17901
44.171136,46,22215.772883
226.380104,231,22223.464124
37.306671,39,22224.819649
84.198369,87,22227.741754
148.449826,152,22232.867152
462.259338,471,22248.712139
274.42451,280,22257.978486
492.678103,500,22274.448521
459.60383,468,22290.02786
43.21778,45,22291.527978
490.220159,500,22308.07474
330.025728,337,22319.200608
159.015152,163,22324.669786
123.779847,127,22328.810732
329.262602,336,22339.827217
94.170995,97,22343.108723
180.203599,184,22349.249827
351.525283,358,22361.204357
107.244139,110,22364.860893
493.310481,500,22381.830966
491.662308,500,22398.582273
490.692791,500,22415.294138
83.586687,86,22418.247493
491.665501,500,22434.826446
490.259374,500,22451.593377
492.140756,500,22468.485323
55.116415,57,22470.485476
222.577952,227,22477.970435
375.258687,382,22490.61214
231.934335,237,22498.503381
492.40659,500,22515.364071
38.259789,40,22516.739178
106.617326,109,22520.395713
87.57642,90,22523.380321
242.495397,248,22531.615511
352.300579,359,22543.835215
179.601678,184,22549.835682
66.0678,68,22552.085858
113.567126,117,22555.976786
314.892262,321,22566.602615
488.768263,500,22583.197659
489.042768,500,22599.792703
202.726633,207,22606.652614
452.770521,463,22622.044439
487.162111,498,22638.623857
81.152242,84,22641.499081
317.776949,323,22652.343678
203.628194,208,22659.344223
355.447646,364,22671.704563
489.48515,500,22688.424616
50.890215,53,22690.346642
489.776486,500,22707.051069
46.430591,48,22708.707448
270.303423,276,22717.989422
77.916289,80,22720.64588
490.947268,500,22737.287334
488.863484,500,22753.960509
489.973095,500,22770.414918
166.431726,170,22776.165367
491.676507,500,22792.791663
422.590525,430,22807.074028
491.124057,500,22823.653446
277.383561,283,22832.982299
233.792434,239,22840.811036
21.573787,23,22841.717355
463.180457,472,22857.296695
75.871428,78,22859.937525
490.278507,500,22876.423186
492.443033,500,22893.018231
188.828222,193,22899.346849
411.00731,420,22913.176053
222.40067,227,22920.707891
252.124445,257,22929.177301
97.319883,100,22932.458807
134.800409,138,22937.115421
489.199319,500,22953.72609
237.11285,242,22961.789219
490.256655,500,22978.353011
491.441329,500,22994.729798
248.942426,254,23002.980442
71.395442,74,23005.355629
45.992713,48,23006.996381
483.623135,495,23023.372657
81.74778,84,23026.122871
490.929698,500,23042.733542
490.481703,500,23059.297334
121.677647,125,23063.391404
489.503804,500,23079.783308
491.453093,500,23096.128333
246.127349,252,23104.394601
164.754028,168,23109.879511
414.421067,425,23124.165361
76.891633,79,23126.743688
457.194363,468,23142.010503
254.548208,261,23150.636175
489.411753,500,23167.179401
488.275444,500,23183.619813
112.595623,115,23187.401358
69.097144,71,23189.823423
50.984763,53,23191.542307
491.735021,500,23208.012341
490.370023,500,23224.388619
488.425604,500,23240.639886
389.874521,399,23253.938733
59.899039,62,23256.079524
489.47516,500,23272.330791
488.255311,500,23288.957087
490.35763,500,23305.567758
491.851434,500,23321.913357
490.30522,500,23338.274007
243.295211,249,23346.446519
492.58036,500,23362.85405
493.396621,500,23379.183448
469.182391,479,23394.934677
490.970029,500,23411.404711
490.380993,500,23427.999756
491.956873,500,23444.392722
235.422901,240,23452.408971
130.805984,134,23456.768685
269.586682,275,23465.972528
281.316895,287,23475.379512
491.854767,500,23491.928212
491.907215,500,23508.476376
344.797634,354,23520.024152
492.506751,500,23536.541066
490.554908,500,23552.964221
490.342231,500,23569.481135
489.947255,500,23586.107432
157.954623,162,23591.529729
490.805368,500,23608.124774
92.727457,95,23611.265643
491.966477,500,23627.720052
489.3371,500,23644.236965
280.313623,286,23653.925221
148.99617,153,23659.019561
428.925724,439,23673.489439
456.56397,467,23688.865638
490.985331,500,23705.382552
151.424098,155,23710.507951
494.034923,500,23726.946733
349.484208,356,23738.760155
174.761121,180,23744.682491
491.60447,500,23761.199405
490.521707,500,23777.66944
491.006427,500,23794.327554
490.099457,500,23810.922599
88.315191,91,23813.985337
491.716859,500,23830.736804
490.156893,500,23847.269343
489.915655,500,23863.755003
489.739823,500,23880.428179
490.129911,500,23896.991971
376.04438,384,23909.727339
265.575503,270,23918.845557
58.861371,61,23920.970723
145.865701,150,23925.939862
493.980074,500,23942.578575
41.161841,43,23944.063066
80.231079,83,23946.860161
430.902843,440,23961.787346
489.988772,500,23978.273007
490.325112,500,23994.743042
490.279546,500,24011.416377
126.992056,130,24015.791718
90.949306,94,24018.901336
491.266916,500,24035.731049
208.668787,214,24043.075371
491.506545,500,24059.826677
490.1366,500,24076.702994
389.170509,395,24090.016533
206.924128,211,24096.9702
302.28578,308,24107.299131
257.46792,262,24116.081955
491.043903,500,24132.536364
489.696115,500,24149.490811
491.147809,500,24166.304623
491.128051,500,24182.993424
92.603889,95,24186.196799
490.925609,500,24203.010611
281.072554,286,24212.450477
493.034476,500,24229.092402
489.88028,500,24245.718698
173.873876,178,24251.812923
491.266716,500,24268.424637
371.606259,378,24281.26688
338.208478,345,24292.79903
212.937171,216,24300.1121
215.42968,221,24307.565806
190.847098,196,24314.191323
490.763929,500,24331.09903
493.036949,500,24348.053481
295.379987,300,24358.351156
153.837872,158,24363.695323
491.139212,500,24380.556012
129.422455,132,24385.150121
490.940772,500,24401.979558
490.359153,500,24418.854792
74.509702,77,24421.464372
362.432826,369,24434.105982
125.330183,129,24438.512576
36.321233,38,24439.778299
490.839528,500,24456.482727
490.942571,500,24473.359044
492.415524,500,24490.266612
375.570422,384,24503.205121
22.699685,24,24504.048937
99.113623,101,24507.54921
491.652806,500,24524.253639
178.116867,182,24530.363489
120.687036,123,24534.598195
292.47689,299,24544.770864
181.343248,186,24550.974472
182.737512,187,24557.34997
475.500066,486,24573.694994
217.26043,222,24581.236306
490.503883,500,24598.096996
334.12006,342,24609.504615
68.755733,71,24612.067313
358.615418,366,24624.60409
492.580382,500,24641.230387
109.02743,112,24644.980679
490.67148,500,24661.857356
491.463981,500,24678.561784
493.011828,500,24695.453726
19.714491,21,24696.156907
330.637748,336,24707.501541
110.720362,114,24711.376844
26.44167,28,24712.376921
490.47425,500,24729.175107
489.702808,500,24746.051423
491.249164,500,24762.92774
489.668565,500,24779.507158
490.712087,500,24796.414726
490.760731,500,24813.150406
268.803292,275,24822.291744
489.573644,500,24839.246191
489.966341,500,24855.966246
294.544702,301,24866.013905
491.926182,500,24882.687079
490.922127,500,24899.313376
398.496,407,24912.68942
491.546349,500,24929.531073
490.945619,500,24946.219967
492.487992,500,24962.924421
490.972397,500,24979.41008
490.99447,500,24996.182237
490.465489,500,25013.028183
490.563639,500,25029.655386
492.710044,500,25046.359813
29.410827,31,25047.375518
160.145815,163,25053.000957
490.615859,500,25069.642879
494.192509,500,25086.472316
148.919674,152,25091.675847
489.045714,500,25108.380289
245.467932,251,25116.92783
269.657914,275,25126.069168
178.516856,182,25132.179019
126.541241,130,25136.648119
491.950482,500,25153.320764
490.409492,500,25169.88466
490.551495,500,25186.620341
198.423259,203,25193.261483
247.991201,252,25201.699641
489.326578,500,25218.232182
490.110794,500,25235.045993
434.630106,443,25249.828395
358.04543,364,25262.063725
491.874201,500,25278.830657
491.753275,500,25295.354158
491.631737,500,25311.996081
490.682344,500,25328.700509
492.547463,500,25345.451816
74.997606,77,25347.952011
312.955792,319,25358.577839
492.383432,500,25375.11038
119.175976,123,25379.266954
419.007283,426,25393.502439
492.464944,500,25410.113109
492.005211,500,25426.442507
491.01816,500,25442.96
154.088521,158,25448.305084
67.839196,70,25450.649017
491.361975,500,25467.259687
491.413744,500,25483.792398
491.074247,500,25500.246806
128.711436,132,25504.747158
490.455973,500,25521.076555
482.068864,493,25537.34345
91.531983,94,25540.421815
232.563373,237,25548.297429
187.169993,191,25554.719805
489.802832,500,25571.236718
269.260006,276,25580.393682
275.522972,282,25589.66003
351.95768,360,25601.52033
490.824659,500,25618.020494
347.187861,353,25629.646399
492.236787,500,25646.100807
492.207224,500,25662.664599
491.861341,500,25679.384653
46.279374,48,25680.931649
491.694842,500,25697.589198
490.101592,500,25714.60615
100.106029,102,25718.043918
491.704447,500,25734.65459
49.155567,51,25736.420352
491.01961,500,25753.093528
492.07331,500,25769.797956
202.741352,206,25776.735996
492.648733,500,25793.315415
489.500246,500,25810.097973
239.050451,246,25818.207981
222.67959,228,25825.89608
489.118303,500,25842.569256
218.046679,222,25849.929205
491.305693,500,25866.618006
312.673476,318,25877.275087
154.526893,159,25882.76829
489.692006,500,25899.394587
257.987393,262,25908.035886
491.488952,500,25924.552392
490.496956,500,25940.99211
453.294397,463,25956.415189
490.887645,500,25972.994606
491.387451,500,25989.386509
128.540116,131,25993.714972
490.135087,500,26010.205364
490.665985,500,26026.691025
113.549188,116,26030.503822
288.989423,295,26040.363966
102.387074,105,26043.911118
492.006579,500,26060.506162
491.875776,500,26076.976696
491.433809,500,26093.602993
103.301054,106,26097.243901
492.028854,500,26113.838946
131.851157,135,26118.354923
289.076816,296,26128.121311
325.577015,333,26139.184673
491.801764,500,26155.639082
489.665967,500,26172.18735
492.970596,500,26188.59488
489.277118,500,26205.018035
492.402578,500,26221.566201
491.120195,500,26238.176871
490.302953,500,26254.694336
488.786748,500,26271.149636
490.039408,500,26287.635297
149.105685,152,26292.698192
178.921823,183,26298.761164
268.02056,274,26307.793119
211.928469,215,26314.903048
490.871955,500,26331.326204
304.082898,310,26341.54575
402.192381,409,26355.218693
492.946599,500,26371.844989
490.705231,500,26388.346276
276.022404,282,26397.706381
491.028598,500,26414.192042
368.77587,375,26426.646138
131.223013,135,26431.130864
226.576067,232,26439.006477
93.214925,96,26442.147347
204.286302,209,26449.147893
228.442661,232,26456.914124
123.564356,127,26461.117578
122.90958,126,26465.352282
491.154848,500,26481.712933
412.6155,421,26495.745699
152.409366,155,26500.917978
491.210608,500,26517.653658
353.479098,361,26529.607715
20.606702,22,26530.404652
115.54601,119,26534.373712
116.735978,120,26538.358397
55.145415,57,26540.327301
489.584512,500,26556.969225
491.053567,500,26573.438803
146.682143,150,26578.392314
310.162187,317,26588.877508
363.316738,372,26601.081584
491.614594,500,26617.692254
250.118899,256,26626.177291
371.151385,377,26638.662971
491.508621,500,26655.226814
392.5479,399,26668.58723
336.434073,343,26680.009995
321.828078,327,26691.057732
96.3237,99,26694.37049
491.472501,500,26711.043665
491.938272,500,26727.561055
295.964385,302,26737.483705
491.763266,500,26753.953739
493.20839,500,26770.595662
127.883811,131,26775.033508
284.737132,290,26784.780315
491.770607,500,26801.25035
490.921547,500,26818.032908
491.648386,500,26834.690774
492.366282,500,26851.473333
389.704265,397,26864.599357
75.688178,78,26867.255813
491.830313,500,26884.054742
492.352387,500,26900.774794
373.987734,380,26913.525789
63.285091,65,26915.760338
249.540551,254,26924.276628
491.104458,500,26940.979524
491.21218,500,26958.024739
200.485207,205,26964.884648
490.145995,500,26981.760965
490.664354,500,26998.465393
491.855294,500,27015.216699
491.423662,500,27031.952379
253.850139,259,27040.718688
492.020615,500,27057.501248
489.582837,500,27074.440069
300.326798,307,27084.84713
491.867557,500,27101.317233
237.47255,243,27109.505371
204.00576,209,27116.505917
120.016506,123,27120.646865
144.827775,148,27125.756637
491.434293,500,27142.601702
299.2434,305,27152.899496
64.818183,67,27155.243429
491.552686,500,27172.167143
490.92409,500,27188.809065
488.370211,500,27205.279566
312.456492,317,27215.889768
490.861879,500,27232.391055
419.434895,427,27246.868479
369.740093,377,27259.510089
203.957084,209,27266.604394
490.710055,500,27283.293619
490.815275,500,27300.123056
492.782712,500,27317.140009
492.799956,500,27333.95382
264.127547,271,27343.017027
259.562199,264,27352.033355
491.264504,500,27368.565895
87.99385,90,27371.613007
117.212701,121,27375.550814
98.575589,101,27379.176097
65.792624,68,27381.379393
275.982557,282,27390.7395
492.262738,500,27407.506431
412.699526,421,27421.507523
490.071101,500,27438.321335
490.975379,500,27455.041606
490.606509,500,27471.699153
491.048068,500,27488.419208
488.491972,500,27505.201767
223.940061,230,27512.858614
488.316861,500,27529.672426
489.697416,500,27546.495257
489.889087,500,27563.230321
120.239566,124,27567.527531
145.501362,149,27572.402912
489.598047,500,27589.076087
491.899481,500,27605.905524
243.734866,248,27614.203047
493.600856,500,27631.173121
491.310692,500,27647.955679
242.021951,247,27656.30008
491.494959,500,27672.973756
489.236598,500,27689.678184
193.993126,198,27696.147439
254.700663,260,27705.023132
492.302904,500,27721.97769
259.939517,264,27730.900261
490.809136,500,27747.667193
284.099272,289,27757.292945
489.792097,500,27774.122383
432.351421,439,27788.71727
272.0903,277,27798.046123
489.899031,500,27814.743144
418.211525,426,27829.072605
490.290811,500,27845.605145
250.984711,257,27854.355828
491.260003,500,27870.997751
492.897537,500,27887.733431
490.453483,500,27904.328475
492.668316,500,27920.954772
490.864043,500,27937.674827
196.815982,201,27944.503484
439.461044,447,27959.349275
489.981203,500,27976.116208
372.176648,379,27988.710941
490.445638,500,28005.368489
491.88569,500,28021.85415
492.327262,500,28038.277306
491.968398,500,28054.888116
490.363515,500,28071.561441
491.072942,500,28088.219182
491.179609,500,28104.798598
376.327075,384,28117.64335
399.662628,408,28131.425979
491.999392,500,28148.130493
492.283593,500,28164.914239
97.125057,100,28168.195746
329.74217,338,28179.524754
53.881392,56,28181.353022
492.341831,500,28198.01057
490.413669,500,28214.652494
490.24899,500,28231.466305
489.770794,500,28247.967592
490.364953,500,28264.718388
350.413697,358,28276.641697
491.927348,500,28293.252368
356.558272,364,28305.378313
489.934565,500,28322.130126
80.044736,83,28324.833461
489.672591,500,28341.475384
71.631631,74,28344.006833
322.952231,331,28355.038943
47.248906,49,28356.726574
490.295636,500,28373.337244
490.309229,500,28390.057299
326.950101,334,28401.245671
488.827631,500,28417.887594
290.95068,297,28427.82587
491.352975,500,28444.624592
331.258368,338,28455.812965
39.229069,41,28457.281829
490.172341,500,28473.814369
490.525042,500,28490.440665
191.16848,196,28496.894293
141.792331,145,28501.754048
484.167797,492,28518.095006
491.932336,500,28534.783808
97.179115,100,28538.190324
491.732786,500,28554.61348
490.785951,500,28571.411665
491.241498,500,28588.100467
491.666894,500,28604.789358
237.354304,241,28612.852487
303.516636,310,28623.087661
491.542977,500,28639.463938
158.067392,162,28644.808104
491.240204,500,28661.512533
335.778904,341,28672.825915
492.133271,500,28689.561596
482.399225,493,28705.969125
489.603507,500,28722.486972
440.352092,448,28737.550647
492.940432,500,28754.23945
72.870233,75,28756.677139
491.193542,500,28773.225305
354.121821,360,28785.116858
491.762365,500,28801.571266
489.976926,500,28818.103806
492.528856,500,28834.636344
491.498067,500,28851.153258
490.952904,500,28867.701424
493.143619,500,28884.171458
407.484253,415,28897.703351
492.388142,500,28914.501535
186.457332,190,28920.673892
489.964636,500,28937.003477
239.109651,244,28945.145227
359.734439,365,28957.302423
308.578794,313,28967.600102
490.853988,500,28984.023257
232.534869,237,28991.914864
491.934902,500,29008.650545
67.028866,69,29010.885093
491.290494,500,29027.355129
490.532996,500,29043.747032
493.500161,500,29060.27957
74.990043,77,29062.920402
490.972703,500,29079.437483
271.28525,275,29088.563194
457.379303,466,29103.892515
370.039187,379,29116.39349
323.770546,329,29127.269337
489.003135,500,29143.567483
491.575329,500,29160.06877
432.347102,442,29174.584421
399.763294,408,29187.976093
198.013366,203,29194.742784
492.074167,500,29211.322201
490.242794,500,29227.776611
491.390723,500,29244.357004
490.981212,500,29260.967674
491.657976,500,29277.609597
123.008363,126,29281.797424
492.469487,500,29298.267458
491.850086,500,29314.862504
491.406632,500,29331.473177
492.951667,500,29347.974461
217.461078,223,29355.41254
491.45456,500,29371.945081
492.286108,500,29388.680761
491.012816,500,29405.400815
223.816361,229,29413.088915
490.357013,500,29429.673263
492.160858,500,29446.330811
193.130076,197,29452.830211
489.914086,500,29469.472992
459.293073,467,29484.755434
490.386792,500,29501.459862
64.829116,67,29503.756916
490.062433,500,29520.508222
490.870042,500,29537.21265
278.250537,283,29546.729017
306.915586,313,29557.167332
298.310462,305,29567.340001
154.839578,159,29572.762298
491.716012,500,29589.701417
27.549721,29,29590.685868
341.132021,347,29602.24927
492.796632,500,29619.145725
136.322524,140,29623.896096
389.573627,397,29637.131503
62.802119,65,29639.366052
491.601844,500,29656.195489
490.232152,500,29672.80616
491.240017,500,29689.401204
461.821046,470,29705.089928
492.989446,500,29721.763103
66.249134,68,29724.075784
179.483941,183,29730.123131
492.313579,500,29746.702548
492.548492,500,29763.522525
351.324548,359,29775.75078
490.42126,500,29792.408823
490.923346,500,29808.941363
492.798275,500,29825.458276
492.86283,500,29842.193956
492.039849,500,29859.039021
491.367326,500,29875.634064
490.418545,500,29892.447876
156.8996,161,29897.745362
58.024784,60,29899.792396
491.497882,500,29916.418694
492.026587,500,29933.232504
493.317255,500,29949.98381
492.478836,500,29966.813248
491.685006,500,29983.908332
489.400349,500,30000.86278
491.004479,500,30017.551581
490.728935,500,30034.099747
493.71521,500,30050.726043
223.862034,229,30058.414142
489.286538,500,30075.259206
347.220388,355,30087.275694
315.499462,323,30098.276043
52.867804,55,30100.119937
490.052002,500,30116.918123
303.913537,311,30127.418941
491.952987,500,30144.138995
491.83762,500,30161.015312
493.760011,500,30178.079142
491.937486,500,30194.752318
491.502155,500,30211.472372
490.928065,500,30228.286183
310.236852,315,30238.88076
221.532015,226,30246.490728
490.790789,500,30263.226408
492.164591,500,30279.946462
492.042768,500,30297.135886
491.632305,500,30313.902819
481.383989,491,30330.332331
491.885681,500,30347.068012
490.845021,500,30363.849586
491.052258,500,30380.556588
491.23476,500,30397.182884
112.576981,116,30401.089438
319.439007,324,30411.965286
70.969983,73,30414.402976
357.411773,364,30426.778942
493.138367,500,30443.587704
492.235639,500,30460.479646
490.637872,500,30477.402841
434.43474,442,30492.122739
489.729477,500,30508.952177
438.242345,446,30524.047104
342.374401,348,30535.781511
201.651099,205,30542.703926
277.125929,283,30552.157789
157.250442,161,30557.612235
493.337356,500,30574.519804
494.765153,500,30591.114849
492.980158,500,30607.975539
493.072357,500,30624.773724
490.507968,500,30641.509404
47.393816,49,30643.228288
492.199582,500,30660.12023
72.788553,75,30662.651677
492.808659,500,30679.621752
492.524984,500,30696.294927
203.638199,208,30703.311101
491.897451,500,30720.12491
273.315106,279,30729.485016
359.605588,368,30742.079748
493.265119,500,30759.081074
143.293417,146,30763.97208
416.690147,424,30778.113809
491.679854,500,30794.958955
208.831333,213,30802.162642
491.209449,500,30818.976454
209.846459,215,30826.477038
491.208211,500,30843.072083
31.332878,33,30844.290928
454.737487,463,30859.995278
232.497559,237,30867.949023
490.4632,500,30884.669077
61.216651,63,30886.80987
116.089518,119,30890.903938
145.372259,149,30895.779318
494.132756,500,30912.718139
193.330779,197,30919.421787
206.666871,211,30926.531716
90.765304,93,30929.672587
438.964108,447,30944.392486
493.086516,500,30961.112538
41.506229,43,30962.597029
90.452013,93,30965.800405
328.381122,335,30976.940781
53.459112,55,30978.737796
117.347685,120,30982.738108
490.961783,500,30999.239396
151.695352,155,31004.364796
44.020092,46,31005.880539
490.525566,500,31022.303694
389.041402,396,31035.335961
161.900343,166,31040.883269
68.643162,71,31043.320959
112.688551,116,31047.149383
226.068953,231,31054.868735
253.284846,258,31063.463154
455.358933,465,31078.917486
417.924514,426,31092.965456
349.298686,356,31104.903886
490.27122,500,31121.405173
489.291291,500,31137.922501
490.101284,500,31154.463682
492.393736,500,31171.137786
491.585658,500,31187.701578
490.706764,500,31204.124735
491.771542,500,31220.735405
97.154357,100,31224.016911
492.316302,500,31240.486946
489.768438,500,31256.83197
356.439195,362,31268.832906
199.411867,204,31275.59906
264.719918,270,31284.537256
331.006589,336,31295.725629
417.371248,424,31309.74281
264.120918,269,31318.58725
145.075766,148,31323.556387
90.979238,93,31326.556622
492.541052,500,31343.198544
493.393487,500,31359.715457
435.109519,444,31374.341598
489.990773,500,31390.889764
189.173078,194,31397.280887
492.141491,500,31413.671852
491.716273,500,31430.235645
120.786075,124,31434.345339
493.050708,500,31450.799748
491.377791,500,31467.394792
465.247217,472,31482.770991
81.786424,84,31485.552458
491.808906,500,31501.921684
492.018344,500,31518.266709
263.006018,269,31527.033019
144.091723,147,31531.878023
322.683956,328,31542.628862
435.686746,443,31557.083114
65.4304,68,31559.41142
493.163671,500,31576.100222
491.64819,500,31592.492126
491.659039,500,31608.946534
489.892987,500,31625.432197
489.2084,500,31641.714714
491.328129,500,31658.137872
455.605771,465,31673.514496
427.05166,434,31688.015626
84.216991,87,31690.922102
491.239692,500,31707.384599
490.842899,500,31723.760876
490.855196,500,31740.246536
491.661878,500,31756.857206
492.427624,500,31773.405372
493.066331,500,31789.641196
148.074698,151,31794.704091
237.376228,243,31802.735968
490.056174,500,31819.362264
491.440099,500,31835.863102
390.13109,396,31849.192267
41.591369,43,31850.692945
491.143535,500,31867.428626
491.531035,500,31883.914287
491.171926,500,31900.540584
491.317903,500,31917.213758
160.915531,164,31922.636057
153.083069,156,31927.886467
424.275899,431,31942.309465
492.275897,500,31958.951389
492.592628,500,31975.640191
108.418701,111,31979.249847
490.083552,500,31995.673003
183.083443,187,32001.954743
84.598795,87,32004.829969
492.349511,500,32021.284376
492.481718,500,32037.832541
491.716853,500,32054.349455
490.642355,500,32070.866369
491.119667,500,32087.305327
493.51173,500,32104.056633
293.523143,300,32114.135545
323.83088,331,32125.262273
494.869501,500,32141.732409
492.660365,500,32158.139941
378.36202,385,32170.828963
176.416713,180,32176.688795
489.886931,500,32193.205708
167.679294,171,32198.987409
493.030659,500,32215.441818
312.429686,317,32226.020767
130.758333,133,32230.47424
184.562842,188,32236.677848
224.294971,229,32244.178434
350.391969,355,32256.038733
453.199266,462,32271.461812
403.613823,410,32285.384773
492.172351,500,32302.21421
493.036392,500,32318.684245
442.382973,450,32333.857303
492.465875,500,32350.577549
169.164345,172,32356.312371
120.07474,123,32360.515824
491.872274,500,32377.110868
490.660604,500,32393.705912
490.411115,500,32410.519724
490.764318,500,32427.333535
491.900206,500,32444.194226
310.788555,318,32454.75755
493.605564,500,32471.321864
214.180531,218,32478.744318
493.189255,500,32495.464373
310.282627,315,32505.933939
71.069934,73,32508.465387
491.52285,500,32525.247946
490.909111,500,32542.014878
69.927337,72,32544.468194
490.994954,500,32561.188249
491.251949,500,32577.923929
493.713893,500,32594.565852
23.641376,25,32595.472173
490.895069,500,32611.989086
187.005334,191,32618.427088
493.24496,500,32635.2409
257.56351,262,32644.007209
492.852277,500,32660.633505
490.557465,500,32677.369414
305.151544,310,32687.667093
490.385787,500,32704.215258
493.717203,500,32720.716545
492.404227,500,32737.514731
250.485141,256,32746.015393
367.580603,374,32758.46949
326.641415,332,32769.501601
336.549609,342,32780.90874
492.390826,500,32797.847561
59.011822,61,32799.941474
291.379292,296,32809.895376
489.902572,500,32826.552925
311.401391,316,32836.991239
168.888433,172,32842.726062
491.65524,500,32859.367984
147.624412,151,32864.415253
491.360172,500,32881.104055
429.798929,436,32895.480176
269.906415,275,32904.590261
203.840653,208,32911.418919
492.255578,500,32927.998337
296.525458,302,32937.98349
491.446363,500,32954.859806
275.57408,280,32964.204285
234.023233,239,32972.220536
284.170614,289,32981.815138
493.051284,500,32998.378992
218.365735,223,33005.754567
492.253177,500,33022.44337
490.828124,500,33039.030273
492.86232,500,33055.578439
489.981886,500,33072.360999
259.936518,265,33081.23669
492.223427,500,33097.76923
492.038138,500,33114.536163
492.165652,500,33131.021824
488.820995,500,33147.523111
492.938277,500,33164.274416
490.603928,500,33181.102368
203.499163,208,33188.009158
407.738005,415,33201.978997
493.135909,500,33218.51766
489.524987,500,33234.92519
79.549136,82,33237.722283
492.639449,500,33254.301701
491.592754,500,33270.897227
490.534585,500,33287.61728
490.575241,500,33304.337522
492.058373,500,33321.151333
491.658055,500,33337.871387
492.020765,500,33354.450805
493.034348,500,33371.217739
402.759513,411,33384.859427
53.942491,56,33386.875209
